Player,Pos,Ht,Wt,Exp,Age,G,GS,MP,FG,FGA,FG%,3P,3PA,3P%,2P,2PA,2P%,eFG%,FT,FTA,FT%,ORB,DRB,TRB,AST,STL,BLK,TOV,PF,PTS/G,Season
Lou Amundson,PF,206,100,2,26,76,0,13.7,1.8,3.3,.536,0.0,0.0,.000,1.8,3.3,.538,.536,0.7,1.6,.442,1.7,1.9,3.6,0.4,0.4,0.9,0.7,2.0,4.2,2009
Leandro Barbosa,SG,190,88,5,26,70,11,24.4,5.2,10.8,.482,1.3,3.4,.375,3.9,7.4,.532,.542,2.4,2.8,.881,0.5,2.1,2.6,2.3,1.2,0.1,1.3,1.6,14.2,2009
Matt Barnes,PF,201,103,5,28,77,40,27.0,3.7,8.8,.423,1.5,4.4,.343,2.2,4.3,.505,.510,1.3,1.8,.743,1.0,4.4,5.5,2.8,0.7,0.3,1.7,2.7,10.2,2009
Raja Bell,SG,196,93,8,32,22,22,32.4,3.5,8.0,.429,2.0,4.3,.468,1.5,3.8,.386,.554,0.7,1.0,.762,0.4,2.5,2.9,1.3,0.6,0.1,0.8,2.6,9.6,2009
Dee Brown,PG,183,84,1,24,2,0,14.0,0.5,2.5,.200,0.5,2.0,.250,0.0,0.5,.000,.300,1.0,1.0,1.000,0.0,0.5,0.5,1.5,0.0,0.0,1.5,3.0,2.5,2009
Boris Diaw,PF,203,113,5,26,22,0,24.5,3.6,6.4,.567,0.2,0.6,.357,3.4,5.8,.591,.585,0.8,1.2,.692,1.1,2.7,3.8,2.1,0.5,0.4,1.7,1.8,8.3,2009
Goran Dragić,PG,190,86,0,22,55,1,13.2,1.6,4.1,.393,0.4,1.0,.370,1.2,3.1,.400,.438,0.9,1.2,.769,0.6,1.3,1.9,2.0,0.5,0.1,1.3,1.6,4.5,2009
Jared Dudley,SF,198,108,1,23,48,0,15.2,1.9,3.9,.481,0.5,1.4,.394,1.4,2.6,.528,.550,1.2,1.7,.691,1.2,1.9,3.0,0.8,0.8,0.1,0.7,1.4,5.5,2009
Grant Hill,SF,203,102,13,36,82,68,29.8,4.8,9.1,.523,0.3,0.9,.316,4.5,8.2,.547,.540,2.2,2.7,.808,0.8,4.2,4.9,2.3,1.1,0.7,1.5,2.2,12.0,2009
Robin Lopez,C,213,127,0,20,60,7,10.2,1.2,2.3,.518,0.0,0.0,.000,1.2,2.3,.522,.518,0.8,1.1,.691,0.9,1.1,2.0,0.1,0.2,0.7,0.5,1.6,3.2,2009
Steve Nash,PG,190,88,12,34,74,74,33.6,5.8,11.5,.503,1.5,3.3,.439,4.3,8.2,.529,.566,2.6,2.8,.933,0.3,2.8,3.0,9.7,0.7,0.1,3.4,1.5,15.7,2009
Shaquille O'Neal,C,216,147,16,36,75,75,30.0,6.8,11.2,.609,0.0,0.0,.000,6.8,11.2,.610,.609,4.1,6.9,.595,2.5,5.9,8.4,1.7,0.7,1.4,2.2,3.4,17.8,2009
Jason Richardson,SG,198,100,7,28,58,57,33.1,6.3,13.0,.488,1.8,4.6,.383,4.6,8.4,.545,.556,1.9,2.5,.778,1.1,3.4,4.5,1.9,1.1,0.4,1.2,1.8,16.4,2009
Courtney Sims,C,208,111,1,25,1,0,2.0,0.0,0.0,,0.0,0.0,,0.0,0.0,,,0.0,0.0,,0.0,0.0,0.0,0.0,0.0,0.0,1.0,0.0,0.0,2009
Sean Singletary,PG,183,84,0,23,13,1,9.4,0.9,2.8,.324,0.3,0.8,.400,0.6,2.1,.296,.378,0.5,0.5,1.000,0.4,0.8,1.2,0.9,0.5,0.0,0.4,1.1,2.6,2009
Amar'e Stoudemire,PF,208,111,6,26,53,53,36.8,7.6,14.1,.539,0.1,0.1,.429,7.6,14.0,.540,.541,6.1,7.3,.835,2.2,5.9,8.1,2.0,0.9,1.1,2.8,3.1,21.4,2009
Stromile Swift,PF,206,102,8,29,13,0,9.3,1.2,3.2,.366,0.1,0.1,1.000,1.1,3.1,.350,.378,0.6,1.2,.533,0.8,1.7,2.5,0.2,0.3,0.5,0.7,1.9,3.0,2009
Alando Tucker,SG,198,93,1,24,30,1,9.4,1.7,4.0,.430,0.3,0.8,.348,1.5,3.3,.449,.463,0.9,1.1,.788,0.6,0.4,1.0,0.4,0.2,0.0,0.5,0.5,4.6,2009
Kelenna Azubuike,SF,196,100,2,25,74,51,32.1,5.3,11.4,.464,1.3,2.8,.448,4.0,8.6,.469,.520,2.5,3.1,.808,1.5,3.5,5.0,1.6,0.8,0.7,1.3,2.5,14.4,2009
Marco Belinelli,SG,196,100,1,22,42,23,21.0,3.3,7.5,.442,1.2,3.1,.397,2.1,4.4,.473,.524,1.0,1.2,.769,0.2,1.5,1.7,2.1,0.9,0.0,1.4,1.7,8.9,2009
Andris Biedriņš,C,211,109,4,22,62,58,30.0,5.0,8.6,.578,0.0,0.0,.000,5.0,8.6,.579,.578,1.9,3.5,.551,3.6,7.6,11.2,2.0,1.0,1.5,1.8,3.8,11.9,2009
Jamal Crawford,PG,196,84,8,28,54,54,38.6,6.4,15.8,.406,2.0,5.9,.338,4.4,9.9,.446,.468,4.9,5.5,.889,0.4,2.9,3.3,4.4,0.9,0.2,2.3,1.5,19.7,2009
Jermareo Davidson,SF,208,104,1,24,14,0,7.9,1.2,2.5,.486,0.0,0.0,,1.2,2.5,.486,.486,0.6,1.2,.471,0.7,1.7,2.4,0.1,0.1,0.2,0.4,0.9,3.0,2009
Monta Ellis,SG,190,84,3,23,25,25,35.7,7.8,17.2,.451,0.3,1.0,.308,7.4,16.2,.460,.460,3.1,3.8,.830,0.6,3.8,4.3,3.7,1.6,0.3,2.7,2.7,19.0,2009
Al Harrington,PF,206,104,10,28,5,5,33.2,4.6,14.0,.329,2.2,5.6,.393,2.4,8.4,.286,.407,1.0,2.0,.500,2.0,3.6,5.6,2.0,1.4,0.0,1.4,2.8,12.4,2009
Stephen Jackson,SF,203,99,8,30,59,59,39.6,7.0,16.9,.414,1.7,5.2,.338,5.3,11.7,.448,.466,5.0,6.0,.826,1.2,3.9,5.1,6.5,1.5,0.5,3.9,2.6,20.7,2009
Rob Kurz,PF,206,105,0,23,40,5,11.1,1.3,3.3,.389,0.4,1.0,.395,0.9,2.3,.387,.447,1.0,1.3,.800,0.8,1.2,2.0,0.5,0.4,0.5,0.4,2.0,3.9,2009
Corey Maggette,PF,198,99,9,29,51,19,31.1,5.7,12.4,.461,0.5,1.9,.253,5.3,10.6,.497,.479,6.7,8.1,.824,1.0,4.6,5.5,1.8,0.9,0.2,2.4,3.8,18.6,2009
Anthony Morrow,SG,196,95,0,23,67,17,22.6,3.8,8.0,.478,1.3,2.7,.467,2.5,5.2,.483,.558,1.2,1.4,.870,1.2,1.8,3.0,1.2,0.5,0.2,0.8,1.9,10.1,2009
DeMarcus Nelson,PG,193,91,0,23,13,5,13.2,1.8,4.2,.444,0.0,0.2,.000,1.8,3.9,.471,.444,0.4,1.1,.357,0.5,1.4,1.8,1.0,0.7,0.2,1.2,1.8,4.1,2009
Anthony Randolph,PF,208,93,0,19,63,22,17.9,3.2,6.8,.462,0.0,0.1,.000,3.2,6.8,.466,.462,1.6,2.2,.716,2.0,3.7,5.8,0.8,0.7,1.2,1.3,2.2,7.9,2009
Ronny Turiaf,C,208,113,3,26,79,26,21.5,2.4,4.6,.508,0.0,0.0,.000,2.4,4.6,.512,.508,1.2,1.6,.790,1.1,3.4,4.6,2.1,0.4,2.1,0.9,3.1,5.9,2009
C.J. Watson,PG,188,79,1,24,77,18,24.5,3.3,7.3,.457,0.6,1.6,.400,2.7,5.7,.473,.500,2.2,2.5,.870,0.5,2.0,2.5,2.7,1.2,0.1,1.2,1.8,9.5,2009
Marcus Williams,PG,190,93,2,23,9,0,6.0,0.4,1.9,.235,0.2,0.7,.333,0.2,1.2,.182,.294,0.2,0.7,.333,0.0,0.4,0.4,1.4,0.1,0.1,0.4,0.7,1.3,2009
Brandan Wright,PF,208,95,1,21,39,23,17.6,3.3,6.3,.528,0.0,0.1,.000,3.3,6.2,.537,.528,1.6,2.2,.741,1.6,2.4,4.0,0.5,0.6,0.9,0.6,1.9,8.3,2009
Trevor Ariza,SF,203,98,4,23,82,20,24.4,3.3,7.3,.460,0.7,2.3,.319,2.6,4.9,.526,.511,1.5,2.1,.710,1.4,2.9,4.3,1.8,1.7,0.3,1.1,2.0,8.9,2009
Shannon Brown,SG,193,93,2,23,18,0,7.6,1.2,2.3,.524,0.3,0.5,.667,0.9,1.8,.485,.595,0.4,0.5,.889,0.2,0.9,1.1,0.6,0.2,0.1,0.5,0.5,3.2,2009
Kobe Bryant,SG,198,96,12,30,82,82,36.1,9.8,20.9,.467,1.4,4.1,.351,8.3,16.8,.496,.502,5.9,6.9,.856,1.1,4.1,5.2,4.9,1.5,0.5,2.6,2.3,26.8,2009
Andrew Bynum,C,213,129,3,21,50,50,28.9,5.6,10.0,.560,0.0,0.0,,5.6,10.0,.560,.560,3.0,4.3,.707,2.7,5.2,8.0,1.4,0.4,1.8,1.7,3.1,14.3,2009
Jordan Farmar,PG,188,82,2,22,65,0,18.3,2.5,6.3,.391,0.8,2.2,.336,1.7,4.1,.421,.450,0.7,1.2,.584,0.3,1.5,1.8,2.4,0.9,0.2,1.3,1.6,6.4,2009
Derek Fisher,PG,185,91,12,34,82,82,29.8,3.6,8.4,.424,1.5,3.7,.397,2.1,4.7,.446,.512,1.3,1.6,.846,0.3,2.0,2.3,3.2,1.2,0.1,0.9,2.3,9.9,2009
Pau Gasol,C,213,113,7,28,81,81,37.0,7.3,12.9,.567,0.0,0.0,.500,7.3,12.9,.567,.567,4.2,5.4,.781,3.2,6.4,9.6,3.5,0.6,1.0,1.9,2.1,18.9,2009
D.J. Mbenga,C,213,111,4,28,23,0,7.9,1.2,2.5,.474,0.0,0.0,.000,1.2,2.4,.482,.474,0.3,0.3,.875,0.4,1.0,1.3,0.4,0.4,1.0,0.6,1.4,2.7,2009
Chris Mihm,C,213,120,7,29,18,0,5.8,0.8,2.2,.375,0.0,0.0,,0.8,2.2,.375,.375,0.3,0.4,.857,0.8,1.1,1.9,0.6,0.1,0.3,0.6,1.3,2.0,2009
Adam Morrison,SF,203,93,1,24,8,0,5.5,0.5,1.5,.333,0.1,0.5,.250,0.4,1.0,.375,.375,0.1,0.3,.500,0.3,0.8,1.0,0.4,0.0,0.0,0.4,0.5,1.3,2009
Lamar Odom,PF,208,100,9,29,78,32,29.7,4.4,9.0,.492,0.4,1.3,.320,4.0,7.7,.522,.516,2.1,3.3,.623,2.3,5.9,8.2,2.6,1.0,1.3,1.8,3.0,11.3,2009
Josh Powell,PF,206,102,3,26,60,1,11.7,1.8,4.0,.444,0.0,0.0,,1.8,4.0,.444,.444,0.6,0.8,.760,1.2,1.8,2.9,0.5,0.2,0.3,0.9,1.6,4.2,2009
Vladimir Radmanović,SF,208,103,7,28,46,28,16.8,2.1,4.7,.444,1.3,3.0,.441,0.8,1.7,.449,.584,0.5,0.6,.852,0.4,2.2,2.5,0.8,0.6,0.2,1.0,1.1,5.9,2009
Sasha Vujačić,SG,201,88,4,24,80,0,16.2,1.9,5.0,.387,1.0,2.8,.363,0.9,2.2,.416,.488,0.9,1.0,.921,0.2,1.5,1.7,1.4,1.0,0.1,0.4,1.9,5.8,2009
Luke Walton,SF,203,107,5,28,65,34,17.9,2.1,4.7,.436,0.3,0.9,.298,1.8,3.8,.468,.464,0.6,0.9,.719,0.8,1.9,2.8,2.7,0.5,0.2,1.1,1.6,5.0,2009
Sun Yue,SG,206,93,0,23,10,0,2.8,0.3,1.1,.273,0.0,0.6,.000,0.3,0.5,.600,.273,0.0,0.0,,0.0,0.0,0.0,0.2,0.1,0.1,0.3,1.0,0.6,2009
Wilson Chandler,SF,203,107,1,21,82,70,33.4,5.5,12.9,.432,1.3,3.8,.328,4.3,9.0,.476,.481,2.1,2.6,.795,1.1,4.3,5.4,2.1,0.9,0.9,1.7,3.0,14.4,2009
Mardy Collins,SG,198,100,2,24,9,0,8.3,0.9,2.6,.348,0.0,0.3,.000,0.9,2.2,.400,.348,0.4,1.0,.444,0.2,0.7,0.9,1.1,0.2,0.0,0.6,0.8,2.2,2009
Jamal Crawford,SG,196,84,8,28,11,11,35.6,6.6,15.4,.432,3.2,7.0,.455,3.5,8.4,.413,.536,3.2,4.2,.761,0.2,1.4,1.5,4.4,0.8,0.0,2.4,1.2,19.6,2009
Joe Crawford,SF,196,95,0,22,2,0,11.5,1.5,5.0,.300,0.5,2.0,.250,1.0,3.0,.333,.350,1.0,1.0,1.000,0.5,1.5,2.0,0.5,0.5,0.0,0.0,1.0,4.5,2009
Eddy Curry,C,213,134,7,26,3,0,4.0,0.7,0.7,1.000,0.0,0.0,,0.7,0.7,1.000,1.000,0.3,1.0,.333,0.0,1.3,1.3,0.0,0.0,0.0,0.7,1.7,1.7,2009
Chris Duhon,PG,185,84,4,26,79,78,36.8,3.6,8.6,.421,1.6,4.1,.391,2.0,4.5,.449,.515,2.3,2.6,.856,0.6,2.5,3.1,7.2,0.9,0.1,2.8,1.6,11.1,2009
Danilo Gallinari,SG,208,106,0,20,28,2,14.7,2.0,4.5,.448,1.1,2.6,.444,0.9,1.9,.453,.576,0.9,1.0,.963,0.5,1.5,2.0,0.5,0.5,0.1,0.5,1.7,6.1,2009
Al Harrington,PF,206,104,10,28,68,51,35.0,7.5,16.8,.446,2.4,6.5,.362,5.1,10.3,.499,.516,3.4,4.2,.804,1.3,5.0,6.3,1.4,1.2,0.3,2.3,3.1,20.7,2009
Larry Hughes,SG,196,83,10,30,25,14,27.5,3.9,10.0,.390,1.4,3.6,.385,2.5,6.3,.392,.460,2.0,2.5,.794,0.4,2.2,2.6,2.4,1.4,0.2,1.4,1.8,11.2,2009
Jerome James,C,213,136,8,33,2,0,5.0,1.5,4.0,.375,0.0,0.0,,1.5,4.0,.375,.375,0.0,0.0,,0.5,1.0,1.5,0.0,0.5,0.5,0.5,1.0,3.0,2009
Jared Jeffries,SF,211,104,6,27,56,36,23.4,2.1,4.9,.440,0.0,0.2,.083,2.1,4.7,.456,.441,1.0,1.6,.611,2.3,1.8,4.1,1.4,0.8,0.6,1.2,2.7,5.3,2009
David Lee,C,206,111,3,25,81,74,34.9,6.4,11.7,.549,0.0,0.0,.000,6.4,11.7,.551,.549,3.1,4.1,.755,3.2,8.6,11.7,2.1,1.0,0.3,1.9,3.2,16.0,2009
Demetris Nichols,SF,203,98,1,24,2,0,4.5,1.0,2.5,.400,0.0,0.5,.000,1.0,2.0,.500,.400,0.5,1.0,.500,0.0,1.0,1.0,0.0,0.0,0.5,0.0,0.0,2.5,2009
Zach Randolph,C,206,113,7,27,11,11,35.3,7.5,17.2,.434,0.6,2.2,.292,6.8,15.0,.455,.452,5.0,6.1,.821,3.6,8.8,12.5,1.4,1.2,0.3,2.1,2.5,20.5,2009
Quentin Richardson,SG,198,101,8,28,72,51,26.3,3.6,9.3,.393,1.7,4.6,.365,2.0,4.7,.420,.483,1.2,1.6,.761,1.0,3.4,4.4,1.6,0.7,0.1,1.0,1.8,10.2,2009
Anthony Roberson,PG,188,82,2,25,23,0,11.0,1.7,4.5,.379,1.0,3.1,.338,0.7,1.4,.469,.495,0.2,0.2,1.000,0.2,0.5,0.7,0.8,0.4,0.0,0.3,0.8,4.7,2009
Nate Robinson,PG,175,82,3,24,74,11,29.9,6.1,13.9,.437,1.7,5.2,.325,4.4,8.7,.504,.498,3.4,4.0,.841,1.3,2.6,3.9,4.1,1.3,0.1,1.9,2.8,17.2,2009
Malik Rose,PF,201,113,12,34,18,0,8.9,0.6,2.3,.268,0.0,0.2,.000,0.6,2.1,.297,.268,0.4,0.6,.727,0.2,1.5,1.7,0.6,0.1,0.1,0.9,1.3,1.7,2009
Cheikh Samb,C,216,111,1,24,2,0,4.0,0.0,1.5,.000,0.0,0.0,,0.0,1.5,.000,.000,0.0,1.0,.000,0.5,0.5,1.0,0.0,0.0,0.0,0.0,0.0,0.0,2009
Mouhamed Sene,C,211,104,2,22,1,0,6.0,1.0,2.0,.500,0.0,0.0,,1.0,2.0,.500,.500,1.0,1.0,1.000,2.0,3.0,5.0,0.0,0.0,1.0,1.0,0.0,3.0,2009
Courtney Sims,C,208,111,1,25,1,0,11.0,3.0,6.0,.500,0.0,0.0,,3.0,6.0,.500,.500,0.0,0.0,,2.0,2.0,4.0,0.0,0.0,0.0,0.0,1.0,6.0,2009
Tim Thomas,PF,208,104,11,31,36,1,21.5,3.3,7.2,.461,1.5,3.5,.421,1.8,3.7,.500,.564,1.5,1.9,.806,0.6,2.6,3.1,1.3,0.6,0.3,1.3,2.5,9.6,2009
Chris Wilcox,C,208,100,6,26,25,0,13.2,2.2,4.1,.529,0.0,0.0,.000,2.2,4.0,.535,.529,1.1,2.1,.509,1.2,2.0,3.3,0.6,0.3,0.2,0.8,1.9,5.4,2009
Maceo Baston,PF,206,98,3,33,27,0,8.0,0.9,1.7,.543,0.0,0.0,.000,0.9,1.7,.556,.543,0.6,1.0,.630,0.8,1.1,1.9,0.3,0.2,0.4,0.4,1.4,2.5,2009
Marquis Daniels,SF,198,91,5,28,54,43,31.5,5.8,12.8,.451,0.3,1.7,.200,5.4,11.1,.489,.464,1.7,2.4,.721,1.5,3.1,4.6,2.1,1.1,0.5,1.7,2.2,13.6,2009
Travis Diener,PG,185,79,3,26,55,0,13.1,1.3,3.3,.413,0.8,2.1,.390,0.5,1.1,.459,.542,0.2,0.3,.800,0.1,1.5,1.6,2.2,0.5,0.1,0.4,0.8,3.7,2009
Mike Dunleavy,SG,206,104,6,28,18,14,27.5,5.2,12.9,.401,1.8,5.0,.356,3.4,7.9,.430,.470,2.9,3.6,.815,0.8,3.0,3.8,2.4,0.7,0.5,2.1,2.0,15.1,2009
T.J. Ford,PG,183,75,4,25,74,49,30.5,5.6,12.3,.452,0.5,1.4,.337,5.1,10.9,.467,.472,3.3,3.8,.872,0.8,2.7,3.5,5.3,1.2,0.2,2.4,2.4,14.9,2009
Jeff Foster,C,211,107,9,32,74,26,24.7,2.4,4.8,.501,0.0,0.1,.286,2.4,4.7,.506,.504,1.3,2.0,.658,2.9,4.0,6.9,1.8,0.7,0.7,1.2,3.1,6.1,2009
Stephen Graham,SG,198,98,3,26,52,6,13.2,2.0,4.9,.414,0.4,1.3,.303,1.7,3.7,.453,.453,1.0,1.2,.806,0.4,1.4,1.8,0.6,0.2,0.1,0.9,1.6,5.4,2009
Danny Granger,SF,206,101,3,25,67,66,36.2,8.5,19.1,.447,2.7,6.7,.404,5.8,12.3,.470,.518,6.0,6.9,.878,0.7,4.4,5.1,2.7,1.0,1.4,2.5,3.1,25.8,2009
Roy Hibbert,C,218,122,0,22,70,42,14.4,2.8,6.0,.471,0.0,0.0,,2.8,6.0,.471,.471,1.4,2.1,.667,1.6,1.8,3.5,0.7,0.3,1.1,0.8,3.1,7.1,2009
Jarrett Jack,SG,190,91,3,25,82,53,33.1,4.7,10.4,.453,1.0,2.7,.353,3.8,7.7,.487,.498,2.7,3.2,.852,0.5,2.8,3.4,4.1,1.1,0.2,2.2,2.2,13.1,2009
Josh McRoberts,PF,208,109,1,21,33,0,8.5,1.1,2.5,.422,0.0,0.3,.000,1.1,2.2,.479,.422,0.3,0.4,.769,0.8,1.5,2.2,0.5,0.4,0.5,0.4,1.2,2.4,2009
Troy Murphy,PF,211,111,7,28,73,73,34.0,5.0,10.5,.475,2.2,4.9,.450,2.8,5.6,.496,.580,2.1,2.5,.826,2.0,9.8,11.8,2.4,0.8,0.5,1.6,3.1,14.3,2009
Rasho Nesterović,C,213,112,10,32,70,19,17.3,3.2,6.2,.513,0.0,0.0,.000,3.2,6.2,.514,.513,0.4,0.5,.781,1.3,2.1,3.4,1.6,0.4,0.5,0.9,2.4,6.8,2009
Brandon Rush,SG,198,100,0,23,75,19,24.0,3.2,7.7,.423,1.0,2.8,.373,2.2,4.9,.451,.490,0.6,0.9,.697,0.5,2.7,3.1,0.9,0.5,0.5,1.0,1.7,8.1,2009
Chris Andersen,C,208,111,6,30,71,1,20.6,2.3,4.1,.548,0.0,0.1,.200,2.2,4.0,.560,.551,1.8,2.5,.718,2.3,3.9,6.2,0.4,0.6,2.5,1.0,2.5,6.4,2009
Carmelo Anthony,SF,201,108,5,24,66,66,34.5,8.1,18.3,.443,1.0,2.6,.371,7.2,15.7,.455,.469,5.6,7.1,.793,1.6,5.2,6.8,3.4,1.1,0.4,3.0,3.0,22.8,2009
Chucky Atkins,PG,180,73,9,34,14,0,8.2,0.6,1.9,.333,0.4,1.2,.294,0.3,0.7,.400,.426,0.3,0.3,1.000,0.0,0.4,0.4,2.0,0.1,0.1,0.7,0.4,1.9,2009
Renaldo Balkman,PF,203,94,2,24,53,10,14.7,2.1,3.7,.558,0.0,0.1,.286,2.0,3.6,.568,.563,0.8,1.2,.646,1.6,2.2,3.8,0.6,0.9,0.4,0.7,1.8,5.0,2009
Chauncey Billups,PG,190,92,11,32,77,77,35.3,5.2,12.5,.420,2.1,5.1,.410,3.2,7.4,.427,.504,5.3,5.8,.913,0.4,2.6,3.0,6.4,1.2,0.2,2.2,2.1,17.9,2009
Anthony Carter,PG,185,86,9,33,78,5,22.9,2.1,4.9,.433,0.3,1.1,.239,1.9,3.8,.490,.460,0.7,1.0,.731,0.5,2.1,2.6,4.7,1.2,0.2,2.0,1.8,5.3,2009
Jason Hart,PG,190,84,7,30,11,0,3.3,0.5,0.9,.500,0.0,0.2,.000,0.5,0.7,.625,.500,0.3,0.4,.750,0.1,0.3,0.4,0.5,0.0,0.0,0.3,0.4,1.2,2009
Nenê,C,211,113,6,26,77,76,32.6,5.6,9.2,.604,0.0,0.1,.200,5.5,9.1,.607,.604,3.5,4.8,.723,2.4,5.4,7.8,1.4,1.2,1.3,1.9,3.6,14.6,2009
Juwan Howard,PF,206,109,14,35,3,0,7.3,0.3,0.7,.500,0.0,0.0,,0.3,0.7,.500,.500,0.0,0.0,,0.3,1.0,1.3,0.7,0.3,0.3,0.0,1.3,0.7,2009
Allen Iverson,SG,183,75,12,33,3,3,41.0,6.0,13.3,.450,0.7,2.7,.250,5.3,10.7,.500,.475,6.0,8.3,.720,1.0,1.7,2.7,6.7,1.0,0.3,3.3,1.0,18.7,2009
Dahntay Jones,SG,198,102,5,28,79,71,18.1,1.9,4.3,.458,0.1,0.2,.647,1.8,4.0,.448,.475,1.4,1.9,.728,0.7,1.4,2.1,1.0,0.6,0.2,0.9,2.5,5.4,2009
Linas Kleiza,SF,203,111,3,24,82,7,22.2,3.5,7.9,.447,1.1,3.3,.326,2.5,4.6,.533,.515,1.8,2.5,.725,1.1,2.9,4.0,0.8,0.4,0.2,1.0,1.9,9.9,2009
Kenyon Martin,PF,206,106,8,31,66,66,32.0,4.8,9.8,.491,0.2,0.6,.368,4.6,9.2,.498,.502,1.8,3.0,.604,1.2,4.8,6.0,2.0,1.5,1.1,1.6,3.0,11.7,2009
Johan Petro,C,213,112,3,23,27,10,8.0,1.0,2.3,.429,0.0,0.0,.000,1.0,2.3,.435,.429,0.2,0.5,.429,0.6,1.8,2.3,0.4,0.1,0.4,0.5,2.1,2.2,2009
Cheikh Samb,C,216,111,1,24,6,0,4.0,0.3,2.2,.154,0.0,0.2,.000,0.3,2.0,.167,.154,0.0,0.0,,0.3,1.2,1.5,0.2,0.3,0.8,0.3,0.7,0.7,2009
J.R. Smith,SG,198,102,4,23,81,18,27.7,5.2,11.7,.446,2.2,5.6,.397,3.0,6.1,.491,.541,2.5,3.4,.754,0.5,3.1,3.7,2.8,1.0,0.2,1.9,2.3,15.2,2009
Sonny Weems,SG,198,93,0,22,12,0,4.6,0.7,2.1,.320,0.0,0.3,.000,0.7,1.8,.364,.320,0.3,0.7,.375,0.0,0.3,0.3,0.3,0.1,0.0,0.5,0.7,1.6,2009
Morris Almond,SG,198,102,1,23,25,1,10.2,1.3,3.2,.407,0.2,0.7,.294,1.1,2.6,.438,.438,0.8,1.0,.808,0.4,1.1,1.4,0.3,0.2,0.2,0.6,1.2,3.7,2009
Carlos Boozer,PF,206,117,6,27,37,37,32.4,6.8,13.8,.490,0.0,0.0,,6.8,13.8,.490,.490,2.6,3.8,.698,3.0,7.4,10.4,2.1,1.1,0.2,2.1,3.6,16.2,2009
Ronnie Brewer,SF,201,100,2,23,81,80,32.2,5.2,10.2,.508,0.3,1.0,.259,4.9,9.2,.537,.522,3.0,4.3,.702,1.2,2.5,3.7,2.2,1.7,0.4,1.4,1.6,13.7,2009
Jarron Collins,C,211,116,7,30,26,3,7.7,0.6,1.3,.457,0.0,0.0,,0.6,1.3,.457,.457,0.3,0.4,.727,0.8,0.7,1.4,0.3,0.1,0.0,0.3,1.3,1.5,2009
Kyrylo Fesenko,C,216,131,1,22,21,1,7.4,1.0,1.7,.583,0.0,0.0,,1.0,1.7,.583,.583,0.3,1.0,.333,0.7,1.1,1.8,0.2,0.3,0.7,0.4,1.7,2.3,2009
Matt Harpring,SG,201,105,10,32,63,2,11.0,1.8,3.8,.461,0.0,0.0,.000,1.8,3.8,.464,.461,0.9,1.1,.764,0.7,1.2,2.0,0.4,0.5,0.1,0.5,1.6,4.4,2009
Andrei Kirilenko,PF,206,100,7,27,67,10,27.3,3.8,8.5,.449,0.3,1.1,.274,3.5,7.4,.475,.467,3.6,4.6,.785,1.3,3.5,4.8,2.6,1.2,1.1,1.8,1.9,11.6,2009
Brevin Knight,PG,178,78,11,33,74,0,12.7,0.9,2.6,.349,0.0,0.1,.000,0.9,2.5,.361,.349,0.6,0.9,.750,0.2,1.0,1.2,2.6,0.9,0.1,0.9,1.3,2.4,2009
Kyle Korver,SF,201,96,5,27,78,2,24.0,3.1,7.2,.438,1.3,3.4,.386,1.8,3.8,.485,.529,1.4,1.6,.882,0.4,2.9,3.3,1.8,0.6,0.4,1.2,2.2,9.0,2009
Kosta Koufos,C,213,111,0,19,48,7,11.8,2.0,3.9,.508,0.0,0.0,,2.0,3.9,.508,.508,0.8,1.1,.706,1.0,1.8,2.9,0.4,0.3,0.6,0.5,1.5,4.7,2009
C.J. Miles,SG,198,100,3,21,72,72,22.5,3.6,7.8,.459,0.9,2.5,.352,2.7,5.3,.509,.515,1.1,1.2,.876,0.6,1.7,2.3,1.5,0.6,0.2,0.9,2.6,9.1,2009
Paul Millsap,PF,201,117,2,23,76,38,30.1,5.3,9.9,.534,0.0,0.1,.000,5.3,9.8,.537,.534,3.0,4.3,.699,3.3,5.3,8.6,1.8,1.0,1.0,1.7,3.8,13.5,2009
Mehmet Okur,C,211,113,6,29,72,72,33.5,6.0,12.3,.485,1.3,2.8,.446,4.7,9.5,.497,.536,3.8,4.6,.817,1.7,6.0,7.7,1.7,0.8,0.7,1.8,3.0,17.0,2009
Ronnie Price,PG,188,86,3,25,52,17,14.2,1.5,3.9,.379,0.4,1.2,.311,1.1,2.7,.408,.426,0.7,0.9,.756,0.2,1.1,1.3,2.1,0.8,0.1,1.2,1.4,4.0,2009
Deron Williams,PG,190,91,3,24,68,68,36.8,6.8,14.5,.471,1.0,3.3,.310,5.8,11.1,.518,.506,4.8,5.6,.849,0.4,2.5,2.9,10.7,1.1,0.3,3.4,2.0,19.4,2009
Luol Deng,SF,206,108,4,23,49,46,34.0,5.4,12.1,.448,0.2,0.4,.400,5.2,11.7,.450,.455,3.1,3.9,.796,1.6,4.4,6.0,1.9,1.2,0.5,1.5,1.7,14.1,2009
Drew Gooden,PF,208,113,6,27,31,27,29.6,5.2,11.4,.457,0.0,0.1,.000,5.2,11.3,.461,.457,2.7,3.1,.866,2.6,5.9,8.6,1.4,0.8,0.5,1.8,3.3,13.1,2009
Ben Gordon,SG,190,91,4,25,82,76,36.6,7.3,16.0,.455,2.1,5.1,.410,5.2,10.9,.476,.521,4.0,4.7,.864,0.6,2.8,3.5,3.4,0.9,0.3,2.4,2.2,20.7,2009
Aaron Gray,C,213,122,1,24,56,18,12.8,1.4,3.0,.485,0.0,0.0,.000,1.4,3.0,.488,.485,0.6,1.1,.576,1.5,2.4,3.9,0.8,0.3,0.3,0.7,2.4,3.5,2009
Kirk Hinrich,SG,193,86,5,28,51,4,26.3,3.6,8.2,.437,1.4,3.3,.408,2.2,4.9,.456,.519,1.3,1.7,.791,0.3,2.1,2.4,3.9,1.3,0.4,1.7,2.5,9.9,2009
Larry Hughes,SF,196,83,10,30,30,6,26.4,4.2,10.3,.412,1.3,3.4,.392,2.9,6.9,.422,.477,2.2,2.7,.817,0.2,2.9,3.1,2.0,1.2,0.3,1.2,1.7,12.0,2009
Lindsey Hunter,PG,188,77,15,38,28,0,9.5,1.0,2.9,.329,0.6,1.7,.333,0.4,1.2,.324,.427,0.1,0.2,.600,0.1,0.4,0.4,1.3,0.7,0.0,0.7,1.0,2.6,2009
Linton Johnson,PF,203,93,5,28,8,0,5.3,0.5,1.4,.364,0.1,0.3,.500,0.4,1.1,.333,.409,0.0,0.0,,0.4,0.6,1.0,0.3,0.1,0.0,0.3,0.8,1.1,2009
Brad Miller,C,211,111,10,32,27,0,27.6,4.0,8.4,.478,0.1,0.5,.231,3.9,7.9,.493,.485,3.7,4.3,.853,2.5,5.0,7.4,3.2,0.8,0.4,1.7,3.3,11.8,2009
Demetris Nichols,SF,203,98,1,24,2,0,2.5,0.5,2.0,.250,0.0,0.5,.000,0.5,1.5,.333,.250,0.0,0.0,,0.0,0.0,0.0,0.5,0.0,0.0,0.0,0.5,1.0,2009
Joakim Noah,C,211,104,1,23,80,55,24.2,2.6,4.7,.556,0.0,0.0,.000,2.6,4.6,.558,.556,1.5,2.3,.676,3.1,4.5,7.6,1.3,0.6,1.4,1.0,3.0,6.7,2009
Andrés Nocioni,PF,201,102,4,29,53,2,24.1,3.5,8.5,.414,1.5,3.9,.378,2.0,4.5,.446,.502,1.9,2.3,.806,0.6,3.5,4.2,1.1,0.5,0.3,1.4,3.3,10.4,2009
Anthony Roberson,PG,188,82,2,25,6,0,3.8,0.8,2.8,.294,0.3,1.7,.200,0.5,1.2,.429,.353,0.0,0.0,,0.3,0.8,1.2,0.2,0.0,0.0,0.2,0.0,2.0,2009
Derrick Rose,PG,188,91,0,20,81,80,37.0,7.1,14.9,.475,0.2,0.9,.222,6.9,14.0,.491,.482,2.4,3.1,.788,1.2,2.7,3.9,6.3,0.8,0.2,2.5,1.5,16.8,2009
John Salmons,SF,201,95,6,29,26,21,37.7,6.3,13.4,.473,1.9,4.5,.415,4.5,8.9,.502,.543,3.7,4.4,.843,0.6,3.7,4.3,2.0,1.0,0.6,1.7,2.3,18.3,2009
Thabo Sefolosha,SF,198,98,2,24,43,14,17.1,1.8,4.2,.434,0.3,1.2,.300,1.5,3.1,.485,.475,0.5,0.6,.840,0.6,2.3,2.9,1.5,0.8,0.4,0.9,1.2,4.5,2009
Cedric Simmons,PF,206,107,2,23,11,0,5.5,1.0,1.9,.524,0.0,0.0,,1.0,1.9,.524,.524,0.5,1.3,.429,0.4,0.7,1.1,0.2,0.1,0.4,0.0,0.5,2.5,2009
Tim Thomas,PF,208,104,11,31,18,0,14.1,2.0,5.0,.400,1.1,2.4,.442,0.9,2.6,.362,.506,0.8,1.1,.700,0.4,1.9,2.3,0.7,0.3,0.0,0.6,1.5,5.8,2009
Tyrus Thomas,PF,206,98,2,22,79,61,27.5,3.9,8.6,.451,0.0,0.1,.333,3.9,8.5,.453,.453,3.0,3.8,.783,1.9,4.6,6.4,1.0,1.2,1.9,1.6,2.8,10.8,2009
J.J. Barea,SG,178,82,2,24,79,15,20.3,3.1,7.1,.442,0.7,1.9,.357,2.4,5.1,.474,.491,0.9,1.2,.753,0.5,1.8,2.2,3.4,0.5,0.1,1.3,1.5,7.8,2009
Brandon Bass,C,203,113,3,23,81,0,19.4,3.1,6.3,.496,0.0,0.1,.000,3.1,6.2,.502,.496,2.2,2.6,.867,1.6,2.9,4.5,0.5,0.3,0.7,1.1,1.7,8.5,2009
Matt Carroll,SG,198,96,5,28,21,0,6.7,0.4,1.6,.273,0.0,0.4,.125,0.4,1.2,.320,.288,0.3,0.3,1.000,0.1,0.6,0.7,0.1,0.1,0.0,0.3,0.7,1.2,2009
Erick Dampier,C,211,120,12,33,80,80,23.0,2.3,3.5,.650,0.0,0.0,,2.3,3.5,.650,.650,1.1,1.8,.638,2.7,4.4,7.1,1.0,0.3,1.2,0.9,2.4,5.7,2009
DeSagana Diop,C,213,136,7,27,34,0,13.3,0.6,1.7,.379,0.0,0.0,,0.6,1.7,.379,.379,0.4,0.9,.414,1.3,2.1,3.5,0.4,0.4,0.7,0.3,1.6,1.6,2009
Devean George,SF,203,100,9,31,43,17,16.5,1.3,3.3,.380,0.5,1.8,.289,0.7,1.5,.485,.458,0.4,0.5,.773,0.6,1.2,1.8,0.3,0.5,0.3,0.4,1.3,3.4,2009
Gerald Green,SG,198,93,3,23,38,12,9.9,2.1,4.7,.439,0.4,1.2,.304,1.7,3.5,.485,.478,0.7,0.8,.844,0.4,1.1,1.4,0.4,0.3,0.1,0.9,1.3,5.2,2009
Ryan Hollins,C,213,109,2,24,27,2,9.6,1.1,2.2,.525,0.0,0.0,,1.1,2.2,.525,.525,0.6,1.2,.515,1.0,1.3,2.3,0.1,0.1,0.6,0.5,1.6,2.9,2009
Josh Howard,SF,201,95,5,28,52,51,32.0,6.8,15.1,.451,1.1,3.2,.345,5.7,11.8,.480,.488,3.3,4.2,.782,1.1,3.9,5.1,1.6,1.1,0.6,1.7,2.6,18.0,2009
Jason Kidd,PG,193,93,14,35,81,81,35.6,3.2,7.6,.416,1.6,4.0,.406,1.6,3.6,.427,.522,1.1,1.3,.819,1.0,5.1,6.2,8.7,2.0,0.5,2.3,2.1,9.0,2009
Dirk Nowitzki,PF,213,111,10,30,81,81,37.7,9.6,20.0,.479,0.8,2.1,.359,8.8,17.9,.493,.498,6.0,6.7,.890,1.1,7.3,8.4,2.4,0.8,0.8,1.9,2.2,25.9,2009
James Singleton,PF,203,98,2,27,62,6,14.3,1.9,3.6,.529,0.2,0.6,.325,1.7,2.9,.575,.559,1.1,1.3,.859,1.4,2.6,4.0,0.3,0.4,0.5,0.6,1.8,5.1,2009
Jerry Stackhouse,SG,198,99,13,34,10,1,16.2,1.6,6.0,.267,0.3,1.9,.158,1.3,4.1,.317,.292,0.7,0.7,1.000,0.5,1.2,1.7,1.2,0.4,0.1,0.9,0.6,4.2,2009
Jason Terry,SG,188,84,9,31,74,11,33.7,7.3,15.8,.463,2.3,6.2,.366,5.1,9.6,.525,.535,2.7,3.0,.880,0.5,1.9,2.4,3.4,1.3,0.3,1.6,1.9,19.6,2009
Shawne Williams,SF,206,102,2,22,15,0,11.3,1.1,3.7,.286,0.1,1.1,.059,1.0,2.6,.385,.295,0.6,0.7,.818,1.3,1.8,3.1,0.1,0.1,0.6,0.3,1.3,2.8,2009
Antoine Wright,SF,201,95,3,24,65,53,23.9,2.8,6.6,.415,0.7,2.3,.302,2.1,4.3,.475,.468,1.1,1.5,.747,0.5,1.6,2.1,1.2,0.7,0.4,0.8,2.6,7.3,2009
Rafer Alston,PG,188,78,9,32,29,28,29.5,4.2,10.3,.413,1.1,3.5,.317,3.1,6.8,.462,.466,2.4,3.4,.707,0.3,2.6,2.9,5.1,1.8,0.1,1.8,2.2,12.0,2009
Tony Battie,PF,211,104,10,32,77,3,15.6,2.1,4.2,.489,0.0,0.1,.222,2.0,4.1,.497,.492,0.7,1.1,.659,1.2,2.4,3.6,0.4,0.3,0.3,0.6,1.5,4.8,2009
Keith Bogans,SG,196,98,5,28,36,15,21.9,1.8,4.9,.360,1.2,3.5,.333,0.6,1.4,.429,.480,0.6,0.7,.875,0.4,2.7,3.1,0.9,0.6,0.1,0.5,1.7,5.3,2009
Brian Cook,PF,206,106,5,28,21,0,7.0,1.1,2.9,.383,0.5,1.2,.440,0.6,1.7,.343,.475,0.2,0.3,.833,0.3,1.0,1.3,0.2,0.1,0.0,0.5,1.1,3.0,2009
Adonal Foyle,C,208,113,11,33,9,0,6.6,0.8,1.2,.636,0.0,0.0,,0.8,1.2,.636,.636,0.3,0.7,.500,1.0,1.9,2.9,0.1,0.0,0.9,0.3,0.4,1.9,2009
Marcin Gortat,PF,211,109,1,24,63,3,12.6,1.7,3.0,.567,0.0,0.0,1.000,1.7,3.0,.565,.570,0.4,0.7,.578,1.5,3.0,4.5,0.2,0.3,0.8,0.4,1.8,3.8,2009
Dwight Howard,C,208,120,4,23,79,79,35.7,7.1,12.4,.572,0.0,0.0,.000,7.1,12.4,.573,.572,6.4,10.7,.594,4.3,9.6,13.8,1.4,1.0,2.9,3.0,3.4,20.6,2009
Anthony Johnson,PG,190,86,11,34,80,12,18.5,1.9,4.8,.404,0.7,1.7,.391,1.3,3.1,.411,.472,0.8,1.0,.753,0.4,1.5,1.8,2.5,0.6,0.1,1.0,1.4,5.3,2009
Courtney Lee,SG,196,98,0,23,77,42,25.2,3.2,7.0,.450,1.1,2.6,.404,2.1,4.4,.478,.526,1.0,1.2,.830,0.2,2.1,2.3,1.2,1.0,0.2,0.9,2.0,8.4,2009
Rashard Lewis,PF,208,98,10,29,79,79,36.2,6.1,13.8,.439,2.8,7.0,.397,3.3,6.8,.482,.540,2.8,3.4,.836,1.2,4.6,5.7,2.6,1.0,0.6,2.0,2.5,17.7,2009
Tyronn Lue,PG,183,79,10,31,14,0,9.2,1.2,3.1,.395,0.4,1.2,.353,0.8,1.9,.423,.465,0.1,0.2,.667,0.0,0.8,0.8,1.0,0.1,0.0,0.1,0.9,3.0,2009
Jameer Nelson,PG,183,86,4,26,42,42,31.2,6.4,12.6,.503,2.0,4.3,.453,4.4,8.3,.529,.580,2.0,2.3,.887,0.5,3.0,3.5,5.4,1.2,0.1,2.0,2.9,16.7,2009
Mickaël Piétrus,SG,198,98,5,26,54,25,24.6,3.3,7.9,.413,1.5,4.1,.359,1.8,3.8,.473,.507,1.4,2.0,.709,0.8,2.4,3.3,1.2,0.6,0.4,1.0,2.3,9.4,2009
J.J. Redick,SG,190,91,2,24,64,5,17.4,1.8,4.7,.391,1.0,2.8,.374,0.8,1.9,.417,.503,1.3,1.5,.871,0.1,1.6,1.7,1.1,0.3,0.0,0.8,1.1,6.0,2009
Jeremy Richardson,SF,198,84,2,24,12,0,7.8,1.2,4.1,.286,0.5,1.4,.353,0.7,2.7,.250,.347,0.3,0.5,.500,0.1,1.1,1.2,0.3,0.0,0.0,0.3,0.5,3.1,2009
Hedo Türkoğlu,SF,208,100,8,29,77,77,36.6,5.5,13.3,.413,1.7,4.9,.356,3.8,8.4,.445,.478,4.1,5.1,.807,0.6,4.7,5.3,4.9,0.8,0.2,2.6,2.8,16.8,2009
Ray Allen,SG,196,93,12,33,79,79,36.4,6.3,13.2,.480,2.5,6.2,.409,3.8,7.0,.542,.575,3.0,3.2,.952,0.8,2.7,3.5,2.8,0.9,0.2,1.7,2.0,18.2,2009
Tony Allen,SG,193,97,4,27,46,2,19.3,3.0,6.2,.482,0.1,0.6,.222,2.8,5.6,.510,.493,1.7,2.4,.725,0.5,1.8,2.3,1.4,1.2,0.5,1.7,2.1,7.8,2009
Glen Davis,C,206,131,1,23,76,16,21.5,2.6,5.9,.442,0.0,0.1,.400,2.6,5.9,.443,.444,1.7,2.3,.730,1.6,2.4,4.0,0.9,0.7,0.3,0.9,3.0,7.0,2009
Kevin Garnett,PF,211,109,13,32,57,57,31.1,6.9,13.0,.531,0.0,0.1,.250,6.9,12.8,.534,.532,1.9,2.3,.841,1.4,7.1,8.5,2.5,1.1,1.2,1.6,2.2,15.8,2009
J.R. Giddens,SF,196,98,0,23,6,0,1.3,0.3,0.5,.667,0.0,0.0,,0.3,0.5,.667,.667,0.0,0.0,,0.3,0.2,0.5,0.0,0.2,0.0,0.2,0.2,0.7,2009
Eddie House,PG,185,82,8,30,81,0,18.3,3.1,6.9,.445,1.9,4.2,.444,1.2,2.7,.445,.579,0.5,0.7,.792,0.1,1.8,1.9,1.1,0.8,0.1,0.7,1.4,8.5,2009
Stephon Marbury,PG,188,82,12,31,23,4,18.0,1.7,4.8,.342,0.3,1.1,.240,1.4,3.7,.372,.369,0.3,0.6,.462,0.1,1.1,1.2,3.3,0.4,0.1,1.6,1.5,3.8,2009
Mikki Moore,C,211,102,10,33,24,0,19.0,2.1,3.5,.600,0.0,0.0,,2.1,3.5,.600,.600,0.6,0.8,.737,1.3,3.1,4.4,1.0,0.2,0.2,0.9,4.0,4.8,2009
Patrick O'Bryant,C,213,118,2,22,26,0,4.2,0.6,1.2,.516,0.0,0.0,,0.6,1.2,.516,.516,0.3,0.5,.667,0.3,1.0,1.3,0.3,0.1,0.3,0.7,1.1,1.5,2009
Kendrick Perkins,C,208,122,5,24,76,76,29.6,3.6,6.3,.577,0.0,0.0,.000,3.6,6.3,.580,.577,1.3,2.1,.600,2.7,5.5,8.1,1.3,0.3,2.0,2.2,3.3,8.5,2009
Paul Pierce,SF,201,107,10,31,81,81,37.5,6.7,14.6,.457,1.5,3.8,.391,5.2,10.8,.480,.508,5.7,6.8,.830,0.7,5.0,5.6,3.6,1.0,0.3,2.8,2.7,20.5,2009
Leon Powe,PF,203,109,2,25,70,7,17.5,2.5,4.8,.524,0.0,0.0,,2.5,4.8,.524,.524,2.6,3.8,.689,2.1,2.9,4.9,0.7,0.3,0.5,1.1,2.7,7.7,2009
Gabe Pruitt,SG,193,77,1,22,47,0,7.8,0.7,2.1,.307,0.3,1.0,.292,0.4,1.1,.321,.376,0.4,0.4,.810,0.2,0.7,0.9,0.8,0.3,0.1,0.4,0.7,2.0,2009
Rajon Rondo,PG,185,82,2,22,80,80,33.0,4.8,9.5,.505,0.2,0.6,.313,4.6,8.9,.518,.514,2.2,3.4,.642,1.3,4.0,5.2,8.2,1.9,0.1,2.6,2.4,11.9,2009
Brian Scalabrine,C,206,109,7,30,39,8,12.9,1.2,2.9,.421,0.6,1.6,.393,0.6,1.4,.453,.526,0.4,0.5,.889,0.2,1.1,1.3,0.5,0.2,0.3,0.3,1.9,3.5,2009
Henry Walker,SF,198,100,0,21,29,0,7.4,1.2,2.0,.621,0.0,0.0,.000,1.2,2.0,.632,.621,0.6,0.8,.696,0.3,0.7,1.0,0.4,0.2,0.1,0.6,1.8,3.0,2009
Calvin Booth,C,211,104,9,32,7,0,7.9,0.7,1.4,.500,0.0,0.0,,0.7,1.4,.500,.500,0.9,1.1,.750,0.6,0.9,1.4,0.0,0.1,0.3,0.1,1.4,2.3,2009
Bobby Brown,SG,188,79,0,24,47,1,14.4,2.0,5.3,.381,0.7,2.0,.330,1.3,3.3,.412,.443,0.6,0.7,.765,0.2,0.6,0.8,1.9,0.3,0.0,1.0,1.6,5.2,2009
Ike Diogu,PF,203,113,3,25,10,1,14.2,3.3,5.5,.600,0.1,0.2,.500,3.2,5.3,.604,.609,2.5,3.3,.758,1.4,2.5,3.9,0.3,0.2,0.1,0.6,1.4,9.2,2009
Quincy Douby,PG,190,79,2,24,20,0,11.4,1.5,4.4,.341,0.5,1.9,.270,1.0,2.6,.392,.398,0.7,0.8,.933,0.2,1.1,1.3,0.7,0.1,0.3,0.3,1.2,4.2,2009
Francisco García,SF,201,88,3,27,65,36,30.4,4.5,10.2,.444,1.4,3.4,.398,3.2,6.8,.466,.510,2.2,2.7,.820,0.9,2.5,3.4,2.3,1.2,1.0,1.7,3.0,12.7,2009
Drew Gooden,PF,208,113,6,27,1,0,26.0,5.0,9.0,.556,0.0,0.0,,5.0,9.0,.556,.556,2.0,2.0,1.000,3.0,10.0,13.0,2.0,0.0,0.0,3.0,2.0,12.0,2009
Donté Greene,SF,211,103,0,20,55,4,13.2,1.4,4.3,.326,0.5,1.8,.260,0.9,2.5,.375,.381,0.5,0.6,.853,0.3,1.2,1.6,0.5,0.3,0.3,0.7,1.2,3.8,2009
Spencer Hawes,C,216,111,1,20,77,51,29.3,4.8,10.4,.466,0.5,1.5,.348,4.3,8.9,.486,.491,1.2,1.8,.662,1.9,5.2,7.1,1.9,0.6,1.2,2.1,3.2,11.4,2009
Bobby Jackson,PG,185,84,11,35,71,10,20.9,2.7,6.8,.398,0.8,2.8,.305,1.9,4.1,.462,.460,1.2,1.4,.851,0.6,2.2,2.8,2.0,0.9,0.1,0.9,1.4,7.5,2009
Kevin Martin,SG,201,90,4,25,51,46,38.2,6.7,15.9,.420,2.3,5.4,.415,4.4,10.5,.423,.491,9.0,10.3,.867,0.6,3.0,3.6,2.7,1.2,0.2,2.9,2.3,24.6,2009
Rashad McCants,SG,193,94,3,24,24,1,19.4,3.6,8.2,.444,1.0,2.9,.357,2.6,5.3,.492,.508,2.0,2.5,.783,0.4,1.5,2.0,1.5,0.8,0.3,0.8,1.7,10.3,2009
Brad Miller,C,211,111,10,32,43,43,31.5,4.3,9.0,.474,0.5,1.0,.465,3.8,8.0,.475,.500,2.9,3.6,.801,1.9,6.1,8.0,3.4,0.7,0.6,1.9,3.1,11.9,2009
Mikki Moore,PF,211,102,10,33,46,20,16.2,1.4,2.6,.521,0.0,0.0,,1.4,2.6,.521,.521,0.7,0.9,.810,1.0,2.3,3.3,0.6,0.3,0.3,0.6,2.4,3.5,2009
Andrés Nocioni,SF,201,102,4,29,23,16,31.0,4.9,11.0,.448,2.0,4.4,.441,3.0,6.5,.453,.538,2.0,2.6,.763,0.9,5.2,6.0,1.8,0.6,0.7,1.7,3.7,13.7,2009
John Salmons,SF,201,95,6,29,53,53,37.4,6.6,14.0,.472,1.5,3.5,.418,5.2,10.6,.489,.524,3.6,4.4,.823,0.8,3.4,4.2,3.7,1.1,0.2,2.3,2.3,18.3,2009
Cedric Simmons,PF,206,107,2,23,7,0,3.3,0.0,0.6,.000,0.0,0.0,,0.0,0.6,.000,.000,0.1,0.3,.500,0.1,0.4,0.6,0.0,0.0,0.0,0.3,0.3,0.1,2009
Will Solomon,PG,185,84,1,30,14,0,12.0,1.9,4.6,.406,0.9,2.1,.448,0.9,2.5,.371,.508,0.4,0.7,.500,0.2,1.3,1.5,0.7,0.5,0.0,0.4,0.8,5.0,2009
Kenny Thomas,PF,201,118,9,31,8,0,7.8,0.4,1.0,.375,0.0,0.0,,0.4,1.0,.375,.375,0.0,0.0,,0.5,1.4,1.9,0.1,0.8,0.1,0.1,1.1,0.8,2009
Jason Thompson,PF,211,113,0,22,82,56,28.1,4.3,8.7,.497,0.0,0.1,.000,4.3,8.6,.502,.497,2.4,3.5,.692,2.9,4.5,7.4,1.1,0.6,0.7,1.8,3.8,11.1,2009
Beno Udrih,PG,190,93,4,26,73,72,31.1,4.4,9.5,.461,0.5,1.5,.310,3.9,8.0,.491,.486,1.7,2.1,.820,0.6,2.4,3.0,4.7,1.1,0.2,2.2,2.6,11.0,2009
Shelden Williams,PF,206,113,2,25,30,0,10.2,1.3,3.0,.449,0.0,0.1,.000,1.3,2.9,.460,.449,1.1,1.4,.762,0.8,1.8,2.6,0.3,0.4,0.3,0.9,1.2,3.7,2009
Daniel Gibson,PG,188,86,2,22,75,0,23.9,2.7,7.0,.391,1.4,3.8,.382,1.3,3.3,.402,.493,0.9,1.1,.767,0.4,1.7,2.1,1.8,0.6,0.2,0.8,2.2,7.8,2009
J.J. Hickson,C,206,110,0,20,62,0,11.4,1.6,3.1,.515,0.0,0.0,,1.6,3.1,.515,.515,0.7,1.1,.672,0.8,1.8,2.7,0.1,0.2,0.5,0.7,1.3,4.0,2009
Zydrunas Ilgauskas,C,221,108,10,33,65,65,27.2,5.3,11.1,.472,0.2,0.6,.385,5.0,10.5,.477,.483,2.1,2.7,.799,2.4,5.1,7.5,1.0,0.4,1.3,1.4,2.8,12.9,2009
Darnell Jackson,PF,206,115,0,23,51,2,8.4,0.7,1.7,.430,0.0,0.0,.000,0.7,1.6,.440,.430,0.5,0.7,.686,0.6,1.1,1.7,0.2,0.2,0.1,0.3,1.5,1.9,2009
LeBron James,SF,206,113,5,24,81,81,37.7,9.7,19.9,.489,1.6,4.7,.344,8.1,15.2,.535,.530,7.3,9.4,.780,1.3,6.3,7.6,7.2,1.7,1.1,3.0,1.7,28.4,2009
Trey Johnson,SG,196,99,0,24,4,0,3.5,0.0,1.3,.000,0.0,0.0,,0.0,1.3,.000,.000,1.0,1.0,1.000,0.0,0.3,0.3,0.0,0.0,0.0,0.3,1.0,1.0,2009
Tarence Kinsey,SG,198,84,2,24,50,3,5.5,0.6,1.4,.449,0.1,0.4,.389,0.5,1.0,.471,.500,0.7,0.8,.868,0.2,0.6,0.8,0.2,0.2,0.0,0.4,0.7,2.0,2009
Sasha Pavlović,SF,203,100,5,25,66,12,16.0,1.8,4.2,.422,0.7,1.8,.410,1.0,2.4,.430,.509,0.4,0.8,.463,0.5,1.5,1.9,1.1,0.3,0.2,0.7,1.8,4.6,2009
Joe Smith,C,208,102,13,33,21,0,19.6,2.7,5.5,.496,0.0,0.1,.333,2.7,5.3,.500,.500,1.0,1.3,.750,1.7,3.0,4.8,0.8,0.3,0.7,0.5,2.4,6.5,2009
Wally Szczerbiak,SF,201,111,9,31,74,5,20.6,2.4,5.4,.450,0.9,2.3,.411,1.5,3.1,.478,.536,1.2,1.4,.849,0.6,2.6,3.1,1.1,0.4,0.1,0.7,1.8,7.0,2009
Anderson Varejão,PF,208,124,4,26,81,42,28.5,3.3,6.2,.536,0.0,0.0,.000,3.3,6.2,.538,.536,1.9,3.1,.616,2.0,5.1,7.2,1.0,0.9,0.8,1.0,3.0,8.6,2009
Ben Wallace,PF,206,109,12,34,56,53,23.5,1.2,2.8,.445,0.0,0.0,,1.2,2.8,.445,.445,0.5,1.1,.422,2.4,4.0,6.5,0.8,0.9,1.3,0.6,1.5,2.9,2009
Delonte West,SG,193,82,4,25,64,64,33.6,4.5,9.8,.457,1.4,3.6,.399,3.0,6.2,.490,.530,1.4,1.7,.833,0.5,2.7,3.2,3.5,1.5,0.2,1.4,2.0,11.7,2009
Jawad Williams,SF,206,99,0,25,10,0,2.0,0.5,1.2,.417,0.2,0.6,.333,0.3,0.6,.500,.500,0.0,0.0,,0.1,0.1,0.2,0.0,0.1,0.0,0.1,0.2,1.2,2009
Mo Williams,PG,185,90,5,26,81,81,35.0,6.5,13.9,.467,2.3,5.2,.436,4.2,8.7,.486,.548,2.6,2.8,.912,0.6,2.9,3.4,4.1,0.9,0.1,2.2,2.7,17.8,2009
Lorenzen Wright,C,211,102,12,33,17,2,7.4,0.6,1.6,.370,0.0,0.0,,0.6,1.6,.370,.370,0.2,0.5,.375,0.4,1.1,1.5,0.2,0.2,0.3,0.5,1.0,1.4,2009
LaMarcus Aldridge,PF,211,113,2,23,81,81,37.1,7.4,15.3,.484,0.1,0.3,.250,7.3,15.0,.489,.486,3.2,4.1,.781,2.9,4.6,7.5,1.9,1.0,1.0,1.5,2.6,18.1,2009
Nicolas Batum,SF,203,104,0,20,79,76,18.4,2.0,4.6,.446,0.8,2.1,.369,1.3,2.4,.513,.532,0.5,0.7,.808,1.1,1.7,2.8,0.9,0.6,0.5,0.6,1.8,5.4,2009
Jerryd Bayless,PG,190,91,0,20,53,0,12.4,1.3,3.6,.365,0.1,0.5,.259,1.2,3.1,.383,.384,1.6,1.9,.806,0.2,0.9,1.1,1.5,0.3,0.0,1.1,1.5,4.3,2009
Steve Blake,PG,190,78,5,28,69,69,31.7,4.0,9.4,.428,2.0,4.8,.427,2.0,4.6,.429,.536,0.9,1.1,.840,0.4,2.1,2.5,5.0,1.0,0.1,1.6,1.8,11.0,2009
Ike Diogu,PF,203,113,3,25,19,0,3.8,0.3,1.0,.316,0.0,0.0,,0.3,1.0,.316,.316,0.8,1.1,.750,0.6,0.3,0.9,0.0,0.1,0.1,0.3,0.5,1.4,2009
Rudy Fernández,SG,198,84,0,23,78,4,25.6,3.4,8.1,.425,2.0,5.1,.399,1.4,3.0,.470,.552,1.5,1.8,.839,0.6,2.1,2.7,2.0,0.9,0.2,1.1,1.4,10.4,2009
Channing Frye,PF,213,116,3,25,63,1,11.8,1.8,4.2,.423,0.2,0.5,.333,1.6,3.7,.436,.444,0.4,0.6,.722,0.7,1.6,2.2,0.4,0.3,0.3,0.5,1.7,4.2,2009
Greg Oden,C,213,113,0,21,61,39,21.5,3.2,5.8,.564,0.0,0.0,,3.2,5.8,.564,.564,2.4,3.7,.637,2.8,4.2,7.0,0.5,0.4,1.1,1.4,3.9,8.9,2009
Travis Outlaw,SF,206,95,5,24,81,6,27.7,4.8,10.5,.453,1.1,2.9,.377,3.7,7.6,.482,.505,2.2,3.0,.723,0.9,3.2,4.1,1.0,0.6,0.7,1.2,2.1,12.8,2009
Joel Przybilla,C,216,116,8,29,82,43,23.8,2.0,3.3,.625,0.0,0.0,.000,2.0,3.3,.627,.625,1.4,2.1,.663,2.5,6.3,8.7,0.3,0.4,1.2,1.0,2.6,5.5,2009
Shavlik Randolph,PF,208,109,3,25,10,0,3.7,0.8,1.3,.615,0.1,0.1,1.000,0.7,1.2,.583,.654,0.1,0.4,.250,1.0,0.8,1.8,0.0,0.0,0.1,0.6,0.4,1.8,2009
Sergio Rodríguez,PG,190,80,2,22,80,13,15.3,1.6,4.1,.392,0.5,1.4,.325,1.2,2.7,.428,.448,0.8,1.0,.792,0.5,1.1,1.6,3.6,0.7,0.0,1.5,1.7,4.5,2009
Brandon Roy,SG,198,98,2,24,78,78,37.2,8.1,16.9,.480,1.1,2.8,.377,7.1,14.1,.501,.512,5.3,6.5,.824,1.3,3.4,4.7,5.1,1.1,0.3,1.9,1.6,22.6,2009
Michael Ruffin,PF,206,112,8,32,11,0,3.2,0.2,0.6,.286,0.0,0.0,,0.2,0.6,.286,.286,0.2,0.2,1.000,0.5,0.5,1.0,0.0,0.3,0.1,0.2,0.6,0.5,2009
Martell Webster,SF,201,104,3,22,1,0,5.0,0.0,1.0,.000,0.0,1.0,.000,0.0,0.0,,.000,0.0,0.0,,0.0,0.0,0.0,0.0,0.0,0.0,0.0,0.0,0.0,2009
Joe Alexander,SF,203,104,0,22,59,0,12.1,1.7,4.2,.416,0.3,0.8,.348,1.5,3.4,.432,.449,1.0,1.4,.699,0.7,1.2,1.9,0.7,0.3,0.5,0.9,1.8,4.7,2009
Malik Allen,PF,208,116,7,30,49,3,11.8,1.5,3.5,.429,0.0,0.0,.000,1.5,3.4,.432,.429,0.2,0.4,.476,0.7,1.4,2.1,0.7,0.1,0.2,0.4,1.8,3.2,2009
Charlie Bell,SG,190,91,4,29,70,23,25.5,3.1,7.5,.414,1.2,3.4,.363,1.9,4.1,.458,.497,0.9,1.1,.825,0.5,1.5,1.9,2.2,0.7,0.1,1.1,2.0,8.4,2009
Keith Bogans,SG,196,98,5,28,29,0,16.7,1.9,5.1,.376,1.1,3.2,.348,0.8,2.0,.421,.483,1.1,1.1,.939,0.6,2.6,3.1,1.1,0.7,0.1,0.8,1.5,6.0,2009
Andrew Bogut,C,213,118,3,24,36,33,31.2,5.1,8.8,.577,0.0,0.0,,5.1,8.8,.577,.577,1.6,2.7,.571,3.3,7.0,10.3,2.0,0.6,1.0,2.4,3.6,11.7,2009
Austin Croshere,PF,206,107,11,33,11,0,7.0,1.1,2.7,.400,0.5,1.0,.455,0.6,1.7,.368,.483,0.6,1.0,.636,0.6,1.5,2.2,0.5,0.1,0.1,0.4,0.4,3.3,2009
Francisco Elson,C,213,107,5,32,59,23,16.6,1.4,2.9,.491,0.0,0.1,.250,1.4,2.8,.497,.494,0.6,0.7,.846,1.7,2.2,3.9,0.5,0.6,0.6,0.8,2.4,3.4,2009
Dan Gadzuric,C,211,109,6,30,67,26,14.0,1.7,3.6,.480,0.0,0.0,.000,1.7,3.6,.483,.480,0.6,1.0,.544,1.4,2.4,3.8,0.6,0.5,0.6,0.6,2.4,4.0,2009
Eddie Gill,PG,183,86,6,30,6,0,7.2,1.0,1.5,.667,0.3,0.5,.667,0.7,1.0,.667,.778,0.0,0.0,,0.0,0.7,0.7,1.8,0.5,0.2,0.8,1.7,2.3,2009
Richard Jefferson,SF,201,106,7,28,82,82,35.8,6.5,14.9,.439,1.4,3.6,.397,5.1,11.3,.453,.487,5.1,6.3,.805,0.7,3.9,4.6,2.4,0.8,0.2,2.0,3.1,19.6,2009
Damon Jones,PG,190,84,10,32,18,0,6.0,0.6,1.9,.324,0.6,1.6,.393,0.0,0.3,.000,.485,0.0,0.0,,0.0,0.3,0.3,0.4,0.2,0.0,0.3,0.2,1.8,2009
Tyronn Lue,PG,183,79,10,31,30,0,13.1,1.8,4.0,.454,0.7,1.5,.467,1.1,2.5,.446,.542,0.4,0.5,.750,0.2,1.0,1.2,1.5,0.2,0.0,0.7,1.4,4.7,2009
Luc Mbah a Moute,PF,203,104,0,22,82,52,25.8,2.8,6.0,.462,0.0,0.0,.000,2.8,5.9,.466,.462,1.7,2.3,.729,2.3,3.6,5.9,1.1,1.1,0.5,1.2,2.5,7.2,2009
Michael Redd,SG,198,100,8,29,33,32,36.5,7.5,16.6,.455,2.1,5.8,.366,5.4,10.8,.503,.519,4.0,4.9,.814,0.7,2.5,3.2,2.7,1.1,0.1,1.6,1.4,21.2,2009
Luke Ridnour,PG,188,79,5,27,72,50,28.2,3.5,8.6,.403,0.8,2.2,.350,2.7,6.4,.420,.447,1.8,2.1,.869,0.5,2.6,3.0,5.1,1.3,0.2,1.8,2.8,9.6,2009
Ramon Sessions,PG,190,86,1,22,79,39,27.5,4.4,9.8,.445,0.1,0.4,.176,4.3,9.4,.457,.449,3.6,4.5,.794,0.8,2.6,3.4,5.7,1.1,0.1,1.9,2.0,12.4,2009
Charlie Villanueva,PF,211,105,3,24,78,47,26.9,6.2,14.0,.447,1.1,3.3,.345,5.1,10.7,.479,.488,2.6,3.1,.838,2.0,4.7,6.7,1.8,0.6,0.7,1.8,3.3,16.2,2009
Hassan Adams,SG,193,100,1,24,12,0,4.3,0.3,1.1,.308,0.0,0.0,,0.3,1.1,.308,.308,0.3,0.5,.500,0.1,0.5,0.6,0.1,0.1,0.1,0.3,0.3,0.9,2009
Marcus Banks,PG,188,91,5,27,6,0,6.7,1.0,3.0,.333,0.2,0.8,.200,0.8,2.2,.385,.361,0.2,0.5,.333,0.2,0.3,0.5,1.0,0.2,0.0,0.5,0.8,2.3,2009
Andrea Bargnani,PF,213,111,2,23,78,59,31.4,5.5,12.3,.450,1.5,3.7,.409,4.0,8.6,.468,.512,2.8,3.4,.831,0.9,4.4,5.3,1.2,0.4,1.2,1.7,3.1,15.4,2009
Chris Bosh,C,211,107,5,24,77,77,38.0,8.0,16.4,.487,0.2,0.6,.245,7.8,15.8,.497,.492,6.5,8.0,.817,2.8,7.2,10.0,2.5,0.9,1.0,2.3,2.5,22.7,2009
José Calderón,PG,190,91,3,27,68,68,34.3,4.7,9.5,.497,1.2,3.0,.406,3.5,6.5,.538,.561,2.2,2.3,.981,0.2,2.6,2.9,8.9,1.1,0.1,2.1,1.7,12.8,2009
Quincy Douby,PG,190,79,2,24,7,0,10.4,1.7,3.1,.545,0.6,1.3,.444,1.1,1.9,.615,.636,0.4,0.6,.750,0.4,0.6,1.0,1.7,0.4,0.0,1.0,0.6,4.4,2009
Joey Graham,SF,201,102,3,26,78,10,19.8,3.0,6.2,.481,0.0,0.2,.188,2.9,5.9,.491,.484,1.7,2.1,.825,1.2,2.5,3.7,0.6,0.4,0.2,0.9,2.4,7.7,2009
Kris Humphries,SF,206,107,4,23,29,0,9.1,1.3,3.1,.422,0.0,0.0,,1.3,3.1,.422,.422,1.3,1.7,.792,0.8,1.6,2.4,0.3,0.3,0.2,0.3,1.1,3.9,2009
Nathan Jawai,PF,208,127,0,22,6,0,3.2,0.2,0.7,.250,0.0,0.0,,0.2,0.7,.250,.250,0.0,0.0,,0.2,0.2,0.3,0.0,0.0,0.0,0.3,0.5,0.3,2009
Jason Kapono,SG,203,97,5,27,80,12,22.9,3.3,7.6,.432,1.2,2.9,.428,2.0,4.7,.435,.513,0.4,0.5,.810,0.3,1.7,2.0,1.3,0.3,0.0,0.9,1.8,8.2,2009
Shawn Marion,SF,201,100,9,30,27,27,35.3,6.2,12.7,.488,0.1,0.5,.154,6.1,12.2,.502,.491,1.9,2.3,.806,2.7,5.6,8.3,2.3,1.1,0.8,1.8,1.5,14.3,2009
Pops Mensah-Bonsu,PF,206,109,1,25,19,0,13.8,1.8,5.1,.354,0.0,0.1,.000,1.8,4.9,.362,.354,1.5,2.2,.683,2.6,2.8,5.4,0.3,0.4,0.2,0.9,1.9,5.1,2009
Jamario Moon,SF,203,93,1,28,54,39,25.5,2.8,5.9,.473,0.7,2.0,.345,2.1,3.8,.541,.533,1.0,1.2,.846,0.9,3.7,4.6,1.3,1.2,0.8,0.6,1.6,7.3,2009
Patrick O'Bryant,C,213,118,2,22,13,3,11.3,2.2,4.1,.547,0.0,0.2,.000,2.2,3.9,.569,.547,0.2,0.6,.375,0.5,2.0,2.5,0.2,0.2,0.8,0.4,2.5,4.7,2009
Jermaine O'Neal,C,211,103,12,30,41,34,29.7,5.4,11.3,.473,0.0,0.0,.000,5.4,11.3,.474,.473,2.8,3.5,.810,1.7,5.3,7.0,1.6,0.4,2.0,2.2,3.2,13.5,2009
Anthony Parker,SG,198,98,5,33,80,71,33.0,4.0,9.4,.426,1.2,3.0,.390,2.8,6.4,.442,.488,1.5,1.8,.834,0.6,3.4,4.0,3.4,1.3,0.2,1.4,1.8,10.7,2009
Will Solomon,PG,185,84,1,30,39,9,13.9,2.0,4.6,.436,0.4,1.5,.263,1.6,3.2,.516,.478,0.5,0.6,.833,0.2,0.9,1.1,3.2,0.5,0.1,1.3,1.5,4.9,2009
Roko Ukić,PG,196,83,0,24,72,0,12.4,1.7,4.5,.380,0.2,0.9,.177,1.6,3.6,.427,.397,0.6,0.8,.733,0.4,0.7,1.0,2.1,0.4,0.0,0.8,1.1,4.2,2009
Jake Voskuhl,C,211,111,8,31,38,1,6.3,0.3,1.2,.267,0.0,0.0,,0.3,1.2,.267,.267,0.3,0.4,.786,0.6,1.0,1.6,0.2,0.1,0.1,0.4,1.6,0.9,2009
Rafer Alston,PG,188,78,9,32,48,48,33.1,4.0,10.9,.370,1.7,4.8,.348,2.4,6.1,.387,.446,1.8,2.3,.789,0.5,2.5,3.0,5.4,1.2,0.1,1.8,1.5,11.5,2009
Brent Barry,SG,198,84,13,37,56,1,15.3,1.3,3.1,.407,0.9,2.3,.374,0.4,0.7,.512,.549,0.3,0.4,.950,0.3,1.4,1.7,1.4,0.4,0.1,0.9,0.8,3.7,2009
Shane Battier,SG,203,100,7,30,60,59,33.9,2.4,5.9,.410,1.5,4.0,.384,0.9,2.0,.462,.538,0.9,1.1,.821,0.9,3.9,4.8,2.3,0.8,0.9,0.8,1.9,7.3,2009
Aaron Brooks,PG,183,73,1,24,80,35,25.0,4.0,9.8,.404,1.4,3.9,.366,2.5,5.9,.428,.476,1.9,2.2,.866,0.4,1.6,2.0,3.0,0.6,0.1,1.6,1.9,11.2,2009
Brian Cook,PF,206,106,5,28,9,0,2.8,0.6,1.8,.313,0.2,0.6,.400,0.3,1.2,.273,.375,0.0,0.0,,0.1,0.4,0.6,0.1,0.0,0.3,0.2,0.3,1.3,2009
Joey Dorsey,PF,203,122,0,25,3,0,2.0,0.3,0.7,.500,0.0,0.0,,0.3,0.7,.500,.500,0.0,0.0,,0.0,0.3,0.3,0.3,0.0,0.0,0.0,0.0,0.7,2009
Chuck Hayes,C,198,109,3,25,71,1,12.1,0.6,1.6,.372,0.0,0.1,.000,0.6,1.5,.385,.372,0.1,0.3,.368,1.0,2.5,3.5,0.6,0.5,0.3,0.4,1.9,1.3,2009
Luther Head,PG,190,84,3,26,22,4,14.6,1.8,4.6,.386,0.6,1.7,.368,1.1,2.9,.397,.455,0.6,0.7,.875,0.1,1.1,1.2,1.6,0.3,0.0,0.7,0.7,4.8,2009
Carl Landry,PF,206,112,1,25,69,0,21.3,3.5,6.1,.574,0.0,0.0,.333,3.5,6.0,.576,.575,2.3,2.8,.813,1.8,3.2,5.0,0.6,0.4,0.4,1.0,2.4,9.2,2009
Kyle Lowry,PG,183,89,2,22,28,0,21.7,2.8,5.8,.475,0.3,1.0,.276,2.5,4.8,.519,.500,1.9,2.3,.800,0.5,2.3,2.8,3.5,0.8,0.3,1.4,2.0,7.6,2009
Tracy McGrady,SG,203,95,11,29,35,35,33.7,5.4,13.9,.388,1.3,3.3,.376,4.1,10.5,.391,.433,3.6,4.5,.801,0.6,3.8,4.4,5.0,1.2,0.4,2.0,1.1,15.6,2009
Yao Ming,C,229,141,6,28,77,77,33.6,7.4,13.4,.548,0.0,0.0,1.000,7.3,13.4,.548,.549,4.9,5.7,.866,2.6,7.2,9.9,1.8,0.4,1.9,3.0,3.3,19.7,2009
Dikembe Mutombo,C,218,111,17,42,9,2,10.7,0.6,1.4,.385,0.0,0.0,,0.6,1.4,.385,.385,0.7,1.0,.667,1.3,2.3,3.7,0.0,0.0,1.2,0.7,1.2,1.8,2009
Luis Scola,PF,206,109,1,28,82,82,30.3,5.2,9.7,.531,0.0,0.0,.000,5.2,9.7,.533,.531,2.4,3.1,.760,2.4,6.3,8.8,1.5,0.8,0.1,1.5,3.2,12.7,2009
Von Wafer,SG,196,95,3,23,63,11,19.4,3.6,8.1,.447,1.0,2.6,.390,2.6,5.5,.474,.510,1.4,1.9,.752,0.3,1.5,1.8,1.1,0.6,0.1,0.9,1.1,9.7,2009
James White,SF,201,91,1,26,4,0,2.8,0.8,1.3,.600,0.3,0.5,.500,0.5,0.8,.667,.700,0.0,0.0,,0.0,0.0,0.0,0.3,0.3,0.3,0.8,0.5,1.8,2009
Metta World Peace,SF,201,118,9,29,69,55,35.5,6.0,15.0,.401,2.2,5.6,.399,3.8,9.5,.402,.475,2.8,3.8,.748,0.9,4.3,5.2,3.3,1.5,0.3,2.0,2.2,17.1,2009
Joel Anthony,C,206,111,1,26,65,28,16.1,0.9,1.8,.483,0.0,0.0,,0.9,1.8,.483,.483,0.5,0.7,.652,1.4,1.7,3.0,0.4,0.3,1.4,0.6,2.1,2.2,2009
Marcus Banks,PG,188,91,5,27,16,0,10.4,0.9,2.4,.385,0.1,0.9,.143,0.8,1.6,.520,.410,0.6,0.9,.667,0.0,0.9,0.9,1.4,0.6,0.1,0.7,1.3,2.6,2009
Michael Beasley,PF,206,107,0,20,81,19,24.8,5.6,11.8,.472,0.4,1.0,.407,5.2,10.8,.478,.490,2.3,3.0,.772,1.4,4.1,5.4,1.0,0.5,0.5,1.5,2.3,13.9,2009
Mark Blount,C,213,104,8,33,20,0,10.4,1.5,3.9,.385,0.6,1.4,.407,1.0,2.6,.373,.455,0.4,0.7,.615,0.5,1.6,2.1,0.2,0.1,0.4,0.7,0.9,4.0,2009
Mario Chalmers,PG,188,86,0,22,82,82,32.0,3.4,8.1,.420,1.4,3.8,.367,2.0,4.3,.467,.506,1.8,2.4,.767,0.5,2.3,2.8,4.9,2.0,0.1,2.0,2.9,10.0,2009
Daequan Cook,SF,196,93,1,21,75,4,24.4,3.2,8.6,.375,2.0,5.3,.387,1.2,3.3,.356,.494,0.7,0.7,.875,0.3,2.3,2.5,0.9,0.5,0.1,0.6,1.7,9.1,2009
Yakhouba Diawara,SF,201,102,2,26,63,21,13.5,1.2,3.4,.350,0.8,2.6,.313,0.4,0.9,.463,.468,0.2,0.3,.526,0.4,0.9,1.3,0.4,0.2,0.1,0.3,1.2,3.4,2009
Udonis Haslem,PF,203,107,5,28,75,75,34.1,4.4,8.6,.518,0.0,0.0,,4.4,8.6,.518,.518,1.7,2.3,.753,2.3,6.0,8.2,1.1,0.6,0.3,1.1,2.7,10.6,2009
Luther Head,SG,190,84,3,26,10,0,17.6,1.6,4.3,.372,0.6,1.6,.375,1.0,2.7,.370,.442,0.5,0.8,.625,0.3,2.2,2.5,2.3,1.1,0.1,0.9,2.2,4.3,2009
James Jones,SF,203,99,5,28,40,1,15.8,1.4,3.7,.369,0.8,2.4,.344,0.6,1.3,.415,.480,0.7,0.8,.839,0.3,1.3,1.6,0.5,0.3,0.4,0.3,1.5,4.2,2009
Shaun Livingston,PG,201,87,3,23,4,0,10.3,0.8,2.0,.375,0.0,0.0,,0.8,2.0,.375,.375,0.8,1.0,.750,0.0,0.5,0.5,1.0,0.5,0.0,0.8,1.0,2.3,2009
Jamaal Magloire,C,211,117,8,30,55,12,12.9,1.2,2.4,.496,0.0,0.0,,1.2,2.4,.496,.496,0.5,1.1,.483,1.5,2.5,4.0,0.4,0.2,0.5,0.6,2.2,2.9,2009
Shawn Marion,SF,201,100,9,30,42,41,36.1,5.1,10.6,.482,0.2,1.0,.200,4.9,9.7,.510,.491,1.6,2.0,.788,2.5,6.1,8.7,1.8,1.4,1.1,1.3,2.2,12.0,2009
Jamario Moon,SF,203,93,1,28,26,21,26.5,2.8,6.0,.459,1.0,2.8,.370,1.7,3.2,.536,.545,0.5,0.6,.867,0.4,4.1,4.5,1.0,0.8,0.6,0.5,1.8,7.1,2009
Jermaine O'Neal,C,211,103,12,30,27,27,30.0,5.4,11.3,.475,0.0,0.0,,5.4,11.3,.475,.475,2.2,3.0,.750,2.0,3.3,5.4,2.0,0.4,2.0,1.9,3.0,13.0,2009
Chris Quinn,PG,188,84,2,25,66,0,14.6,1.8,4.4,.408,0.8,2.1,.409,0.9,2.3,.408,.505,0.7,0.9,.810,0.1,1.0,1.1,2.0,0.4,0.0,0.5,1.2,5.1,2009
Dwyane Wade,SG,193,100,5,27,79,79,38.6,10.8,22.0,.491,1.1,3.5,.317,9.7,18.5,.524,.516,7.5,9.8,.765,1.1,3.9,5.0,7.5,2.2,1.3,3.4,2.3,30.2,2009
Dorell Wright,SF,206,93,4,23,6,0,12.2,1.3,3.3,.400,0.0,0.0,,1.3,3.3,.400,.400,0.3,1.0,.333,0.3,3.0,3.3,0.3,0.3,0.0,1.0,1.3,3.0,2009
Mike Bibby,PG,185,86,10,30,79,79,34.7,5.5,12.7,.435,2.1,5.4,.390,3.4,7.3,.468,.518,1.7,2.2,.789,0.5,3.0,3.5,5.0,1.2,0.1,1.6,1.8,14.9,2009
Speedy Claxton,PG,180,75,6,30,2,0,7.5,1.0,3.5,.286,0.0,0.0,,1.0,3.5,.286,.286,0.5,1.0,.500,0.0,0.0,0.0,1.5,0.0,0.0,0.0,0.5,2.5,2009
Maurice Evans,SF,196,100,5,30,80,25,23.0,2.6,6.0,.432,1.2,3.1,.395,1.4,2.9,.470,.533,0.8,0.9,.822,1.1,1.9,3.0,0.7,0.6,0.1,0.5,2.0,7.2,2009
Thomas Gardner,SG,196,102,1,23,16,0,6.1,0.6,2.3,.250,0.3,1.4,.174,0.3,0.8,.385,.306,0.1,0.3,.500,0.0,0.4,0.4,0.1,0.3,0.1,0.2,0.3,1.5,2009
Al Horford,C,206,109,1,22,67,67,33.5,4.7,8.9,.525,0.0,0.0,.000,4.7,8.9,.526,.525,2.2,3.1,.727,2.2,7.1,9.3,2.4,0.8,1.4,1.5,2.8,11.5,2009
Othello Hunter,PF,203,102,0,22,16,0,5.8,0.7,1.3,.550,0.0,0.0,,0.7,1.3,.550,.550,0.0,0.3,.000,0.6,0.9,1.5,0.1,0.1,0.3,0.1,0.7,1.4,2009
Joe Johnson,SG,201,109,7,27,79,79,39.5,7.8,18.0,.437,1.9,5.2,.360,6.0,12.7,.468,.489,3.8,4.6,.826,0.8,3.6,4.4,5.8,1.1,0.2,2.5,2.2,21.4,2009
Solomon Jones,C,208,104,2,24,63,0,10.7,1.1,1.8,.604,0.0,0.0,.500,1.0,1.7,.606,.608,0.8,1.2,.716,0.8,1.4,2.3,0.2,0.1,0.5,0.4,2.0,3.0,2009
Acie Law,PG,190,88,1,24,55,1,10.2,0.9,2.5,.374,0.2,0.5,.310,0.8,2.0,.391,.406,0.9,1.1,.817,0.1,0.9,1.1,1.6,0.2,0.1,0.5,0.8,2.9,2009
Randolph Morris,C,208,121,2,23,23,0,3.9,0.3,0.7,.412,0.0,0.0,,0.3,0.7,.412,.412,0.2,0.2,1.000,0.2,0.7,0.9,0.1,0.1,0.0,0.3,1.1,0.8,2009
Ronald Murray,SG,193,86,6,29,80,2,24.7,4.4,9.9,.447,1.1,3.0,.360,3.4,6.9,.485,.501,2.2,2.9,.760,0.3,1.8,2.1,2.0,1.1,0.2,1.6,2.2,12.2,2009
Zaza Pachulia,C,211,122,5,24,77,26,19.1,2.1,4.2,.497,0.0,0.0,.000,2.1,4.1,.502,.497,2.1,3.0,.709,2.2,3.4,5.7,0.7,0.5,0.3,1.2,2.7,6.2,2009
Josh Smith,PF,206,102,4,23,69,69,35.1,6.1,12.3,.492,0.4,1.3,.299,5.7,11.0,.514,.508,3.1,5.2,.588,1.9,5.3,7.2,2.4,1.4,1.6,2.3,2.7,15.6,2009
Mario West,SG,196,95,1,24,53,3,5.1,0.3,0.6,.412,0.0,0.0,1.000,0.2,0.6,.394,.426,0.3,0.6,.467,0.5,0.6,1.1,0.4,0.3,0.1,0.2,0.7,0.8,2009
Marvin Williams,SF,203,108,3,22,61,59,34.3,4.7,10.2,.458,0.9,2.5,.355,3.8,7.7,.493,.502,3.6,4.5,.806,1.8,4.5,6.3,1.3,0.9,0.6,1.1,2.1,13.9,2009
Maurice Ager,SG,196,92,2,24,20,0,4.9,0.8,2.2,.349,0.0,0.3,.000,0.8,1.9,.405,.349,0.2,0.4,.500,0.2,0.4,0.5,0.2,0.1,0.1,0.2,0.9,1.7,2009
Ryan Anderson,PF,206,109,0,20,66,30,19.9,2.4,6.2,.393,1.0,2.9,.365,1.4,3.3,.417,.478,1.5,1.8,.845,1.6,3.1,4.7,0.8,0.7,0.3,1.0,2.4,7.4,2009
Josh Boone,C,208,108,2,24,62,7,16.0,1.8,3.5,.528,0.0,0.0,,1.8,3.5,.528,.528,0.5,1.4,.376,1.7,2.5,4.2,0.5,0.4,0.8,0.5,1.7,4.2,2009
Vince Carter,SG,198,100,10,32,80,80,36.8,7.4,16.8,.437,1.9,4.9,.385,5.5,11.9,.459,.493,4.2,5.1,.817,0.9,4.2,5.1,4.7,1.0,0.5,2.1,2.9,20.8,2009
Keyon Dooling,PG,190,89,8,28,77,18,26.9,3.4,7.8,.436,1.3,3.1,.421,2.1,4.7,.446,.519,1.6,2.0,.825,0.3,1.7,2.0,3.5,0.9,0.1,1.4,1.8,9.7,2009
Chris Douglas-Roberts,SG,201,91,0,22,44,3,13.3,1.8,4.0,.460,0.1,0.3,.250,1.8,3.7,.476,.469,1.2,1.4,.823,0.3,0.8,1.1,1.2,0.3,0.2,0.7,0.8,4.9,2009
Devin Harris,PG,190,84,4,25,69,69,36.1,6.6,15.1,.438,0.9,3.2,.291,5.7,11.9,.477,.469,7.2,8.8,.820,0.4,2.9,3.3,6.9,1.7,0.2,3.1,2.4,21.3,2009
Trenton Hassell,SF,196,91,7,29,53,31,20.6,1.6,3.6,.450,0.0,0.2,.250,1.6,3.5,.459,.455,0.4,0.5,.800,0.9,1.8,2.8,1.0,0.4,0.3,0.6,1.7,3.7,2009
Jarvis Hayes,SF,201,100,5,27,74,1,24.8,3.5,7.8,.445,1.3,3.3,.385,2.2,4.5,.489,.527,0.5,0.7,.692,0.4,3.2,3.6,0.7,0.7,0.1,0.7,2.2,8.7,2009
Yi Jianlian,PF,213,109,1,21,61,52,23.3,3.1,8.2,.382,0.8,2.3,.343,2.3,5.9,.397,.430,1.6,2.0,.772,1.1,4.2,5.3,1.0,0.5,0.6,1.1,2.6,8.6,2009
Brook Lopez,C,213,128,0,20,82,75,30.5,5.5,10.3,.531,0.0,0.0,.000,5.5,10.3,.532,.531,2.1,2.6,.793,2.7,5.4,8.1,1.0,0.5,1.8,1.8,3.1,13.0,2009
Eduardo Nájera,PF,203,109,8,32,27,0,11.8,1.2,2.7,.446,0.2,0.9,.200,1.0,1.8,.571,.480,0.3,0.8,.364,0.6,1.9,2.5,0.7,0.4,0.1,0.7,1.9,2.9,2009
Bobby Simmons,SF,201,95,6,28,71,44,24.4,2.8,6.2,.449,1.6,3.7,.447,1.1,2.5,.453,.582,0.6,0.8,.741,1.0,2.9,3.9,1.3,0.7,0.1,0.9,2.6,7.8,2009
Stromile Swift,PF,206,102,8,29,6,0,10.7,1.5,2.5,.600,0.0,0.0,,1.5,2.5,.600,.600,0.8,1.8,.455,0.8,1.3,2.2,0.2,0.0,0.3,1.2,2.5,3.8,2009
Sean Williams,PF,208,107,1,22,33,0,11.1,0.9,2.2,.417,0.0,0.0,,0.9,2.2,.417,.417,0.6,1.0,.625,1.0,1.4,2.4,0.4,0.2,0.9,0.6,2.2,2.4,2009
Calvin Booth,C,211,104,9,32,1,0,1.0,0.0,0.0,,0.0,0.0,,0.0,0.0,,,0.0,0.0,,1.0,0.0,1.0,0.0,0.0,0.0,0.0,0.0,0.0,2009
Corey Brewer,SF,206,84,1,22,15,8,20.5,2.5,6.0,.411,0.3,0.8,.417,2.1,5.2,.410,.439,0.9,1.3,.737,1.2,2.1,3.3,1.7,1.0,0.2,0.9,2.5,6.2,2009
Bobby Brown,PG,188,79,0,24,21,1,12.2,2.2,5.4,.416,0.7,1.7,.389,1.6,3.7,.429,.478,0.4,0.4,.889,0.3,0.5,0.8,1.4,0.3,0.1,0.8,1.0,5.5,2009
Brian Cardinal,PF,203,111,8,31,64,4,14.2,1.0,2.6,.385,0.5,1.4,.326,0.5,1.2,.455,.473,0.5,0.5,.857,0.6,1.6,2.2,1.2,0.6,0.2,0.8,2.1,3.0,2009
Rodney Carney,SG,201,93,2,24,67,6,17.9,2.6,6.3,.416,1.2,3.4,.350,1.4,2.9,.492,.509,0.7,1.0,.758,0.5,1.3,1.9,0.4,0.7,0.4,0.6,1.4,7.2,2009
Jason Collins,C,213,116,7,30,31,22,13.6,0.7,2.3,.314,0.0,0.0,,0.7,2.3,.314,.314,0.4,0.9,.464,0.9,1.4,2.3,0.4,0.3,0.4,0.4,2.4,1.8,2009
Randy Foye,SG,193,97,2,25,70,61,35.6,5.7,14.0,.407,1.6,4.4,.360,4.1,9.6,.428,.463,3.3,3.9,.846,0.5,2.6,3.1,4.3,1.0,0.4,2.1,2.9,16.3,2009
Ryan Gomes,SF,201,113,3,26,82,76,31.9,5.1,11.9,.431,1.3,3.5,.372,3.8,8.4,.456,.486,1.8,2.2,.807,1.3,3.5,4.8,1.6,0.8,0.3,1.6,2.2,13.3,2009
Al Jefferson,C,208,131,4,24,50,50,36.7,9.7,19.5,.497,0.0,0.1,.000,9.7,19.4,.499,.497,3.7,5.0,.738,3.4,7.5,11.0,1.6,0.8,1.7,1.8,2.8,23.1,2009
Kevin Love,C,203,114,0,20,81,37,25.3,3.9,8.5,.459,0.0,0.2,.105,3.9,8.3,.469,.461,3.3,4.1,.789,3.4,5.7,9.1,1.0,0.4,0.6,1.5,2.5,11.1,2009
Mark Madsen,C,206,109,8,33,19,1,6.1,0.2,0.7,.214,0.0,0.0,,0.2,0.7,.214,.214,0.0,0.2,.000,0.5,0.4,0.9,0.2,0.1,0.1,0.2,0.9,0.3,2009
Rashad McCants,SG,193,94,3,24,34,2,18.7,3.1,8.6,.360,1.1,3.5,.319,2.0,5.1,.387,.425,1.8,2.4,.741,0.3,1.5,1.9,0.9,0.8,0.2,1.3,1.9,9.1,2009
Mike Miller,SF,203,99,8,28,73,47,32.3,3.6,7.5,.482,1.2,3.1,.378,2.5,4.4,.554,.559,1.5,2.0,.732,1.0,5.6,6.6,4.5,0.4,0.4,2.0,1.9,9.9,2009
Kevin Ollie,PG,193,88,11,36,50,21,17.0,1.2,3.0,.407,0.0,0.0,.000,1.2,3.0,.409,.407,1.6,1.9,.833,0.3,1.2,1.5,2.3,0.4,0.1,0.7,1.6,4.0,2009
Craig Smith,PF,201,113,2,25,74,31,19.7,3.9,6.9,.562,0.0,0.0,.000,3.9,6.9,.563,.562,2.3,3.4,.677,1.3,2.5,3.8,1.1,0.4,0.3,1.4,2.5,10.1,2009
Sebastian Telfair,PG,183,75,4,23,75,43,27.9,3.6,9.3,.383,1.0,2.8,.346,2.6,6.5,.399,.435,1.7,2.1,.819,0.4,1.3,1.7,4.6,1.0,0.2,1.9,2.5,9.8,2009
Shelden Williams,PF,206,113,2,25,15,0,13.8,2.0,4.5,.441,0.0,0.0,,2.0,4.5,.441,.441,0.9,1.4,.667,1.6,3.4,5.0,0.3,0.7,0.5,0.5,1.9,4.9,2009
Elton Brand,PF,203,125,9,29,29,23,31.7,5.6,12.6,.447,0.0,0.0,,5.6,12.6,.447,.447,2.5,3.7,.676,2.7,6.1,8.8,1.3,0.6,1.6,2.3,2.7,13.8,2009
Samuel Dalembert,C,211,116,6,27,82,82,24.8,2.6,5.3,.498,0.0,0.0,.000,2.6,5.3,.500,.498,1.1,1.5,.734,2.6,5.9,8.5,0.2,0.4,1.8,1.4,3.0,6.4,2009
Reggie Evans,PF,203,111,6,28,79,7,14.4,1.0,2.3,.444,0.0,0.0,.000,1.0,2.2,.446,.444,1.3,2.2,.594,1.7,2.9,4.6,0.3,0.5,0.1,0.9,2.0,3.3,2009
Willie Green,SG,193,91,5,27,81,60,22.6,3.5,8.1,.435,0.6,2.0,.317,2.9,6.1,.473,.473,0.8,1.0,.729,0.4,1.2,1.6,2.0,0.7,0.2,0.8,1.9,8.5,2009
Andre Iguodala,SF,198,98,4,25,82,82,39.9,6.6,14.0,.473,1.0,3.2,.307,5.6,10.8,.521,.507,4.6,6.4,.724,1.1,4.6,5.7,5.3,1.6,0.4,2.7,1.9,18.8,2009
Royal Ivey,SG,190,91,4,27,71,0,12.1,1.0,2.9,.332,0.5,1.6,.342,0.4,1.3,.319,.425,0.5,0.6,.791,0.3,0.8,1.1,0.6,0.5,0.1,0.3,1.1,3.0,2009
Donyell Marshall,PF,206,99,14,35,25,0,7.6,1.3,2.9,.452,1.0,2.2,.455,0.3,0.7,.444,.623,0.1,0.2,.500,0.2,1.4,1.6,0.6,0.2,0.2,0.2,1.0,3.8,2009
Andre Miller,PG,190,91,9,32,82,82,36.3,6.0,12.7,.473,0.2,0.6,.283,5.8,12.0,.483,.480,4.1,5.0,.826,1.5,3.0,4.5,6.5,1.3,0.2,2.4,2.4,16.3,2009
Theo Ratliff,C,208,102,13,35,46,0,12.6,0.7,1.4,.531,0.0,0.0,,0.7,1.4,.531,.531,0.5,0.8,.600,1.0,1.8,2.8,0.2,0.4,1.0,0.3,1.7,1.9,2009
Kareem Rush,SG,198,98,5,28,25,1,8.0,0.8,2.3,.345,0.4,1.3,.303,0.4,1.0,.400,.431,0.2,0.2,1.000,0.0,0.6,0.6,0.6,0.2,0.0,0.4,0.4,2.2,2009
Marreese Speights,C,208,116,0,21,79,2,16.0,3.2,6.4,.502,0.0,0.1,.250,3.2,6.3,.506,.504,1.3,1.7,.773,1.6,2.2,3.7,0.4,0.3,0.7,0.6,2.3,7.7,2009
Lou Williams,SG,185,79,3,22,81,0,23.7,4.1,10.4,.398,0.8,2.7,.286,3.4,7.7,.438,.435,3.8,4.8,.790,0.4,1.6,2.0,3.0,1.0,0.2,1.9,1.6,12.8,2009
Thaddeus Young,PF,203,107,1,20,75,71,34.4,6.3,12.8,.495,0.7,2.2,.341,5.6,10.6,.526,.524,1.9,2.5,.735,1.9,3.2,5.0,1.1,1.3,0.3,1.6,2.2,15.3,2009
Blake Ahearn,PG,188,86,1,24,3,0,6.3,0.7,2.0,.333,0.7,1.3,.500,0.0,0.7,.000,.500,0.7,0.7,1.000,0.0,0.3,0.3,0.7,0.3,0.0,0.3,1.0,2.7,2009
Matt Bonner,PF,208,107,4,28,81,67,23.8,3.3,6.6,.496,1.5,3.3,.440,1.8,3.3,.552,.606,0.2,0.3,.739,1.2,3.6,4.8,1.0,0.6,0.3,0.5,2.3,8.2,2009
Bruce Bowen,SF,201,84,12,37,80,10,18.8,1.0,2.3,.422,0.5,1.2,.429,0.5,1.1,.416,.535,0.2,0.3,.538,0.2,1.6,1.8,0.5,0.5,0.2,0.3,1.5,2.7,2009
Austin Croshere,PF,206,107,11,33,3,0,7.7,0.7,3.0,.222,0.0,1.3,.000,0.7,1.7,.400,.222,0.0,0.3,.000,1.3,2.0,3.3,1.0,0.0,0.0,0.7,0.3,1.3,2009
Tim Duncan,C,211,113,11,32,75,75,33.7,7.4,14.8,.504,0.0,0.0,.000,7.4,14.7,.505,.504,4.5,6.4,.692,2.7,8.0,10.7,3.5,0.5,1.7,2.2,2.3,19.3,2009
Desmon Farmer,SG,196,100,1,27,3,0,18.0,1.3,4.7,.286,1.0,4.0,.250,0.3,0.7,.500,.393,0.7,0.7,1.000,0.0,2.0,2.0,0.7,0.0,0.0,1.3,2.0,4.3,2009
Michael Finley,SF,201,98,13,35,81,77,28.8,3.7,8.5,.437,1.6,3.9,.411,2.1,4.6,.459,.532,0.6,0.8,.823,0.3,3.0,3.3,1.4,0.5,0.2,0.8,1.0,9.7,2009
Manu Ginóbili,SG,198,93,6,31,44,7,26.8,5.1,11.2,.454,1.6,4.8,.330,3.5,6.4,.546,.524,3.8,4.3,.884,0.5,4.0,4.5,3.6,1.5,0.4,2.0,2.0,15.5,2009
Drew Gooden,PF,208,113,6,27,19,1,16.8,3.7,7.6,.490,0.0,0.1,.000,3.7,7.6,.493,.490,2.4,3.0,.789,1.5,2.9,4.4,0.2,0.2,0.2,0.8,2.1,9.8,2009
Malik Hairston,SG,198,100,0,21,15,0,10.3,1.6,3.3,.490,0.0,0.1,.000,1.6,3.2,.500,.490,0.1,0.5,.286,0.7,1.1,1.9,0.9,0.4,0.5,0.8,1.3,3.3,2009
George Hill,PG,193,85,0,22,77,7,16.5,1.9,4.8,.403,0.3,0.9,.329,1.6,3.9,.421,.435,1.5,1.9,.781,0.4,1.7,2.1,1.8,0.6,0.3,1.0,1.9,5.7,2009
Roger Mason,SG,196,91,4,28,82,71,30.4,4.3,10.0,.425,2.0,4.8,.421,2.2,5.2,.428,.526,1.3,1.4,.890,0.2,2.9,3.1,2.1,0.5,0.1,1.2,2.0,11.8,2009
Pops Mensah-Bonsu,PF,206,109,1,25,3,0,6.7,1.7,2.3,.714,0.0,0.0,,1.7,2.3,.714,.714,1.7,2.3,.714,1.7,1.7,3.3,0.0,0.3,0.3,0.7,2.0,5.0,2009
Fabricio Oberto,C,208,111,3,33,54,11,12.5,1.1,1.9,.587,0.0,0.0,.000,1.1,1.9,.592,.587,0.4,0.6,.571,1.2,1.4,2.6,1.1,0.1,0.2,0.7,1.8,2.6,2009
Tony Parker,PG,188,84,7,26,72,71,34.1,8.9,17.5,.506,0.3,0.9,.292,8.6,16.6,.518,.513,3.9,5.0,.782,0.4,2.7,3.1,6.9,0.9,0.1,2.6,1.5,22.0,2009
Kurt Thomas,PF,206,104,13,36,79,10,17.8,1.9,3.8,.503,0.0,0.0,.000,1.9,3.8,.507,.503,0.5,0.6,.822,1.7,3.4,5.1,0.8,0.4,0.7,0.5,2.2,4.3,2009
Anthony Tolliver,PF,203,109,0,23,19,0,10.9,1.0,3.4,.292,0.5,2.2,.220,0.5,1.3,.417,.362,0.3,0.5,.500,0.6,1.5,2.2,0.9,0.3,0.1,0.4,0.8,2.7,2009
Ime Udoka,SF,198,98,4,31,67,3,15.4,1.6,4.3,.383,0.6,1.9,.328,1.0,2.4,.426,.455,0.4,0.7,.609,0.4,2.4,2.8,0.8,0.5,0.2,0.6,1.3,4.3,2009
Jacque Vaughn,PG,185,86,11,33,30,0,9.7,0.8,2.5,.320,0.0,0.0,1.000,0.8,2.5,.311,.327,0.5,0.6,.889,0.1,0.6,0.7,1.8,0.2,0.0,0.5,0.9,2.2,2009
Marcus Williams,PF,201,93,1,22,2,0,1.5,1.0,1.0,1.000,0.0,0.0,,1.0,1.0,1.000,1.000,0.0,0.0,,0.0,0.0,0.0,0.0,0.0,0.0,0.0,0.5,2.0,2009
Chucky Atkins,PG,180,73,9,34,19,0,15.6,1.3,4.5,.291,0.5,2.1,.250,0.8,2.4,.326,.349,0.6,0.6,.917,0.3,0.7,0.9,1.6,0.4,0.1,0.7,1.2,3.7,2009
Nick Collison,C,208,116,4,28,71,40,25.8,3.4,6.0,.568,0.0,0.0,.000,3.4,6.0,.570,.568,1.4,1.9,.721,2.5,4.3,6.9,0.9,0.7,0.7,1.0,3.4,8.2,2009
Kevin Durant,SF,208,109,1,20,74,74,39.0,8.9,18.8,.476,1.3,3.1,.422,7.6,15.7,.486,.510,6.1,7.1,.863,1.0,5.5,6.5,2.8,1.3,0.7,3.0,1.8,25.3,2009
Jeff Green,PF,203,107,1,22,78,78,36.8,6.1,13.7,.446,1.2,3.2,.389,4.9,10.5,.463,.491,3.1,3.9,.788,1.5,5.1,6.7,2.0,1.0,0.4,2.2,2.6,16.5,2009
Steven Hill,PF,213,112,0,23,1,0,2.0,1.0,1.0,1.000,0.0,0.0,,1.0,1.0,1.000,1.000,0.0,0.0,,2.0,1.0,3.0,0.0,0.0,0.0,0.0,0.0,2.0,2009
Nenad Krstić,C,213,109,4,25,46,29,24.8,4.2,8.8,.469,0.0,0.0,,4.2,8.8,.469,.469,1.4,1.7,.797,1.8,3.7,5.5,0.6,0.5,1.1,1.0,2.5,9.7,2009
Shaun Livingston,PG,201,87,3,23,8,1,23.8,3.5,6.5,.538,0.0,0.0,,3.5,6.5,.538,.538,0.8,0.8,1.000,0.4,2.9,3.3,2.0,0.6,0.3,0.8,1.0,7.8,2009
Desmond Mason,SG,201,102,8,31,39,19,27.3,3.2,7.3,.435,0.0,0.1,.000,3.2,7.2,.440,.435,1.2,2.2,.541,1.1,3.0,4.0,1.2,0.4,0.8,1.4,2.5,7.5,2009
Johan Petro,C,213,112,3,23,22,12,15.5,2.1,5.1,.407,0.0,0.0,.000,2.1,5.1,.411,.407,0.5,0.7,.667,1.2,3.1,4.3,0.3,0.7,0.2,0.7,2.3,4.6,2009
Malik Rose,PF,201,113,12,34,20,0,15.5,1.7,4.5,.378,0.0,0.2,.000,1.7,4.4,.391,.378,1.6,2.0,.800,0.7,2.6,3.3,1.3,0.5,0.1,1.0,2.4,5.0,2009
Thabo Sefolosha,SG,198,98,2,24,23,22,31.2,3.2,7.6,.417,0.4,1.6,.243,2.8,6.0,.464,.443,1.7,2.1,.833,1.2,4.0,5.2,2.0,1.7,1.1,1.2,2.3,8.5,2009
Mouhamed Sene,C,211,104,2,22,5,0,4.6,1.0,1.4,.714,0.0,0.0,,1.0,1.4,.714,.714,1.4,1.8,.778,0.6,1.2,1.8,0.0,0.2,0.4,0.6,0.4,3.4,2009
Joe Smith,C,208,102,13,33,36,3,19.2,2.8,6.1,.454,0.1,0.1,.500,2.7,5.9,.453,.459,1.1,1.5,.704,1.5,3.1,4.5,0.7,0.3,0.7,0.4,2.0,6.6,2009
Robert Swift,C,213,111,3,23,26,10,13.2,1.4,2.7,.521,0.0,0.0,,1.4,2.7,.521,.521,0.5,0.6,.750,0.8,2.6,3.4,0.3,0.2,0.7,0.3,1.9,3.3,2009
Earl Watson,PG,185,88,7,29,68,18,26.1,2.6,6.7,.384,0.3,1.3,.235,2.3,5.4,.418,.406,1.2,1.6,.755,0.5,2.2,2.7,5.8,0.7,0.2,2.3,2.0,6.6,2009
Kyle Weaver,SG,198,91,0,22,56,19,20.8,2.0,4.4,.459,0.6,1.7,.344,1.4,2.7,.529,.524,0.7,1.0,.707,0.6,1.8,2.3,1.8,0.8,0.4,1.2,1.4,5.3,2009
Russell Westbrook,PG,190,91,0,20,82,65,32.5,5.3,13.4,.398,0.4,1.6,.271,4.9,11.8,.415,.414,4.3,5.2,.815,2.2,2.7,4.9,5.3,1.3,0.2,3.3,2.3,15.3,2009
D.J. White,PF,206,114,0,22,7,0,18.6,3.7,7.1,.520,0.0,0.0,,3.7,7.1,.520,.520,1.4,1.9,.769,1.4,3.1,4.6,0.9,0.4,0.7,0.4,1.4,8.9,2009
Chris Wilcox,C,208,100,6,26,37,6,19.4,3.5,7.2,.485,0.0,0.1,.000,3.5,7.2,.491,.485,1.4,2.4,.598,1.8,3.5,5.3,0.9,0.5,0.3,1.5,2.4,8.4,2009
Damien Wilkins,SG,198,102,4,29,41,14,15.5,1.9,5.2,.362,0.7,1.8,.375,1.2,3.4,.355,.425,0.9,1.1,.804,0.5,1.2,1.7,0.9,0.5,0.2,0.9,1.3,5.3,2009
Gilbert Arenas,PG,193,87,7,27,2,2,31.5,3.0,11.5,.261,1.0,3.5,.286,2.0,8.0,.250,.304,6.0,8.0,.750,0.5,4.0,4.5,10.0,0.0,0.5,0.5,2.0,13.0,2009
Andray Blatche,C,211,107,3,22,71,36,24.0,4.2,8.9,.471,0.1,0.3,.238,4.1,8.6,.479,.475,1.6,2.3,.704,1.8,3.5,5.3,1.7,0.7,1.0,1.6,3.0,10.0,2009
Dee Brown,PG,183,84,1,24,17,11,13.7,1.0,2.6,.386,0.4,1.2,.300,0.6,1.4,.458,.455,0.1,0.2,.333,0.4,1.2,1.6,1.9,0.6,0.0,0.8,1.3,2.4,2009
Caron Butler,SG,201,103,6,28,67,67,38.6,7.3,16.2,.453,1.0,3.1,.310,6.4,13.1,.487,.482,5.1,6.0,.858,1.8,4.4,6.2,4.3,1.6,0.3,3.1,2.5,20.8,2009
Javaris Crittenton,PG,196,91,1,21,56,10,20.2,2.2,4.8,.459,0.0,0.3,.143,2.2,4.6,.477,.463,0.9,1.4,.593,0.9,1.9,2.9,2.6,0.7,0.1,1.4,1.7,5.3,2009
Antonio Daniels,PG,193,88,11,33,13,5,22.2,1.4,3.5,.400,0.4,0.8,.455,1.0,2.6,.382,.456,1.9,2.5,.758,0.0,1.7,1.7,3.6,0.5,0.0,1.0,1.1,5.1,2009
Juan Dixon,PG,190,74,6,30,50,6,16.3,2.0,5.1,.395,0.5,1.5,.333,1.5,3.6,.420,.443,0.7,0.8,.872,0.2,1.2,1.3,2.4,0.7,0.1,1.4,1.5,5.2,2009
Brendan Haywood,C,213,122,7,29,6,5,29.2,4.0,8.3,.480,0.0,0.0,,4.0,8.3,.480,.480,1.7,3.5,.476,2.2,5.2,7.3,1.3,0.7,2.5,1.5,2.3,9.7,2009
Mike James,PG,188,85,7,33,53,50,29.7,3.6,9.2,.387,1.2,3.4,.367,2.3,5.8,.398,.454,1.3,1.5,.838,0.5,1.9,2.4,3.6,0.8,0.1,1.7,1.9,9.6,2009
Antawn Jamison,PF,203,101,10,32,81,81,38.2,8.3,17.8,.468,1.4,3.9,.351,6.9,13.9,.501,.507,4.2,5.6,.754,2.4,6.5,8.9,1.9,1.2,0.3,1.5,2.7,22.2,2009
JaVale McGee,C,213,122,0,21,75,14,15.2,2.5,5.2,.494,0.0,0.0,,2.5,5.2,.494,.494,1.4,2.2,.660,1.6,2.3,3.9,0.3,0.4,1.0,0.8,2.1,6.5,2009
Dominic McGuire,SF,206,100,1,23,79,57,26.2,1.8,4.1,.432,0.0,0.1,.500,1.7,4.1,.431,.435,0.9,1.3,.725,1.4,4.0,5.4,2.5,0.8,0.9,1.2,1.9,4.5,2009
Oleksiy Pecherov,C,213,105,1,23,32,0,8.7,1.2,3.2,.386,0.4,1.3,.326,0.8,1.8,.431,.455,0.8,0.9,.828,1.1,1.3,2.4,0.1,0.2,0.1,0.3,1.1,3.6,2009
Darius Songaila,C,206,112,5,30,77,29,19.8,3.2,5.9,.532,0.0,0.0,.000,3.2,5.9,.533,.532,1.0,1.2,.889,1.0,2.0,2.9,1.2,0.8,0.3,1.0,2.6,7.4,2009
DeShawn Stevenson,SG,196,95,8,27,32,25,27.7,2.3,7.2,.312,1.1,4.0,.271,1.2,3.2,.363,.387,1.0,1.9,.533,0.3,2.0,2.4,3.1,0.7,0.1,1.0,1.3,6.6,2009
Etan Thomas,C,206,116,6,30,26,7,11.8,1.2,2.5,.485,0.0,0.0,,1.2,2.5,.485,.485,0.6,0.9,.696,1.0,1.6,2.5,0.2,0.1,0.7,0.7,1.3,3.1,2009
Nick Young,SG,201,95,1,23,82,5,22.4,4.1,9.2,.444,0.7,2.0,.341,3.4,7.2,.473,.481,2.0,2.4,.850,0.4,1.5,1.8,1.2,0.5,0.2,1.1,1.7,10.9,2009
Hilton Armstrong,C,211,107,2,24,70,29,15.6,2.0,3.5,.561,0.0,0.0,.000,2.0,3.5,.566,.561,0.9,1.4,.633,1.2,1.6,2.8,0.4,0.4,0.6,1.1,2.6,4.8,2009
Ryan Bowen,SF,201,98,8,33,21,3,10.4,1.0,1.8,.579,0.0,0.0,,1.0,1.8,.579,.579,0.1,0.2,.600,0.5,0.7,1.1,0.4,0.7,0.2,0.2,1.8,2.2,2009
Devin Brown,SG,196,100,6,30,63,5,13.8,1.8,5.0,.355,0.4,1.5,.289,1.3,3.4,.384,.399,1.2,1.6,.780,0.5,1.4,1.9,0.9,0.5,0.1,0.9,1.3,5.2,2009
Rasual Butler,SF,201,98,6,29,82,74,31.9,4.2,9.8,.433,1.7,4.4,.390,2.5,5.4,.468,.521,1.0,1.3,.782,0.6,2.7,3.3,0.9,0.6,0.7,0.7,1.9,11.2,2009
Tyson Chandler,C,213,107,7,26,45,45,32.1,3.6,6.3,.565,0.0,0.0,,3.6,6.3,.565,.565,1.7,3.0,.579,3.6,5.1,8.7,0.5,0.3,1.2,1.6,3.2,8.8,2009
Antonio Daniels,PG,193,88,11,33,61,4,12.0,1.3,3.1,.424,0.3,0.8,.347,1.0,2.3,.451,.469,0.9,1.1,.821,0.1,0.8,0.9,2.1,0.3,0.0,0.8,0.7,3.8,2009
Melvin Ely,C,208,118,6,30,31,4,12.0,1.2,3.1,.389,0.0,0.0,,1.2,3.1,.389,.389,0.7,1.2,.639,1.0,1.1,2.1,0.6,0.1,0.3,0.7,1.9,3.1,2009
Mike James,PG,188,85,7,33,8,0,9.3,1.0,3.1,.320,0.4,0.5,.750,0.6,2.6,.238,.380,0.1,0.3,.500,0.1,0.8,0.9,1.0,0.3,0.0,0.4,0.9,2.5,2009
Sean Marks,C,208,113,8,33,60,5,14.0,1.3,2.8,.485,0.0,0.2,.200,1.3,2.6,.503,.491,0.5,0.7,.682,1.0,2.1,3.1,0.2,0.1,0.6,0.6,2.0,3.2,2009
Chris Paul,PG,183,79,3,23,78,78,38.5,8.1,16.1,.503,0.8,2.3,.364,7.3,13.8,.525,.528,5.8,6.7,.868,0.9,4.7,5.5,11.0,2.8,0.1,3.0,2.7,22.8,2009
Morris Peterson,SG,201,99,8,31,43,9,12.0,1.7,4.3,.399,0.8,2.0,.388,0.9,2.3,.408,.489,0.3,0.4,.632,0.3,1.7,2.0,0.4,0.3,0.0,0.3,1.2,4.4,2009
James Posey,SG,203,98,9,32,75,0,28.5,2.9,7.0,.412,1.5,4.2,.369,1.3,2.8,.476,.523,1.6,1.9,.822,0.5,4.3,4.8,1.1,0.8,0.3,1.1,2.9,8.9,2009
Peja Stojaković,SF,208,104,10,31,61,59,34.2,4.7,11.8,.399,2.4,6.3,.378,2.3,5.5,.424,.500,1.5,1.7,.894,0.7,3.6,4.3,1.2,0.9,0.0,0.8,1.7,13.3,2009
David West,PF,206,113,5,28,76,76,39.2,8.0,17.0,.472,0.1,0.3,.240,7.9,16.7,.477,.474,4.8,5.5,.884,2.1,6.4,8.5,2.3,0.6,0.9,2.1,2.7,21.0,2009
Julian Wright,SF,203,102,1,21,54,19,14.3,2.0,4.3,.466,0.0,0.4,.095,2.0,3.9,.502,.470,0.3,0.6,.567,0.9,2.0,2.8,0.8,0.6,0.4,0.8,0.9,4.4,2009
Alex Acker,SG,196,84,1,26,18,0,9.9,1.4,3.6,.400,0.4,0.9,.438,1.1,2.7,.388,.454,0.2,0.4,.500,0.4,0.8,1.2,0.6,0.2,0.2,0.4,0.5,3.5,2009
Marcus Camby,C,211,100,12,34,62,55,31.0,4.1,8.0,.512,0.0,0.1,.250,4.1,7.9,.514,.513,2.1,2.9,.725,2.6,8.5,11.1,2.0,0.8,2.1,1.5,2.1,10.3,2009
Mardy Collins,PG,198,100,2,24,39,14,20.9,2.5,5.7,.433,0.3,0.7,.464,2.2,5.0,.429,.462,0.6,0.9,.649,0.7,1.8,2.5,2.6,0.7,0.3,1.4,1.9,5.9,2009
Baron Davis,PG,190,95,9,29,65,60,34.6,5.5,14.8,.370,1.5,5.0,.302,3.9,9.7,.406,.422,2.4,3.2,.757,0.7,3.0,3.7,7.7,1.7,0.5,3.0,3.0,14.9,2009
Paul Davis,PF,211,122,2,24,27,1,11.9,1.5,3.6,.408,0.0,0.0,.000,1.5,3.6,.412,.408,1.0,1.3,.794,1.0,1.4,2.5,0.4,0.4,0.1,0.5,1.6,4.0,2009
Ricky Davis,SG,198,88,10,29,36,9,21.8,2.3,6.8,.339,1.0,3.1,.315,1.3,3.7,.358,.410,0.9,1.0,.861,0.3,1.4,1.7,2.3,0.5,0.1,1.1,1.8,6.4,2009
Eric Gordon,SG,190,98,0,20,78,65,34.3,5.3,11.6,.456,1.7,4.3,.389,3.6,7.2,.496,.529,3.8,4.5,.854,0.6,2.0,2.6,2.8,1.0,0.4,2.1,2.2,16.1,2009
Jason Hart,PG,190,84,7,30,28,2,11.1,0.9,3.0,.298,0.0,0.1,.000,0.9,2.9,.313,.298,0.5,0.7,.789,0.4,1.1,1.5,1.5,0.4,0.1,0.7,1.3,2.3,2009
Fred Jones,SF,193,95,6,29,52,21,28.8,2.5,6.1,.407,1.0,2.8,.367,1.4,3.3,.441,.492,1.3,1.6,.815,0.4,2.0,2.4,3.6,1.0,0.2,1.3,2.2,7.3,2009
DeAndre Jordan,C,211,120,0,20,53,13,14.5,1.8,2.8,.633,0.0,0.0,,1.8,2.8,.633,.633,0.8,2.1,.385,1.4,3.1,4.5,0.2,0.2,1.1,0.8,1.8,4.3,2009
Chris Kaman,C,213,120,5,26,31,24,29.7,5.2,9.8,.528,0.0,0.0,,5.2,9.8,.528,.528,1.6,2.4,.680,2.4,5.5,8.0,1.5,0.5,1.5,2.7,3.0,12.0,2009
Cuttino Mobley,SG,193,86,10,33,11,11,33.2,5.7,13.3,.432,1.1,3.2,.343,4.6,10.1,.459,.473,1.2,1.6,.722,0.8,1.8,2.6,1.1,1.4,0.2,1.6,1.9,13.7,2009
Steve Novak,PF,208,102,2,25,71,3,16.4,2.5,5.6,.444,1.7,4.0,.416,0.8,1.5,.518,.595,0.3,0.3,.913,0.3,1.5,1.8,0.6,0.3,0.1,0.3,1.0,6.9,2009
Zach Randolph,PF,206,113,7,27,39,34,35.1,8.5,17.5,.487,0.6,1.9,.342,7.9,15.7,.504,.505,3.2,4.5,.701,3.0,6.4,9.4,2.3,0.8,0.3,2.3,2.7,20.9,2009
Cheikh Samb,C,216,111,1,24,10,0,5.1,0.4,1.6,.250,0.0,0.2,.000,0.4,1.4,.286,.250,0.3,0.5,.600,0.7,0.6,1.3,0.0,0.1,0.5,0.1,0.3,1.1,2009
Brian Skinner,PF,206,116,10,32,51,21,16.5,1.8,4.0,.449,0.0,0.0,.000,1.8,4.0,.453,.449,0.6,0.9,.638,1.4,2.6,4.0,0.5,0.3,1.0,0.8,1.8,4.2,2009
Mike Taylor,PG,188,75,0,23,51,5,15.1,2.2,5.2,.412,0.3,0.8,.325,1.9,4.5,.427,.436,1.1,1.6,.691,0.4,1.3,1.7,2.1,0.7,0.0,1.4,1.6,5.7,2009
Tim Thomas,PF,208,104,11,31,10,5,22.0,3.4,9.0,.378,0.6,2.0,.300,2.8,7.0,.400,.411,2.1,3.4,.618,1.4,3.2,4.6,1.0,0.3,0.1,1.4,2.6,9.5,2009
Al Thornton,SF,203,100,1,25,71,67,37.4,6.6,14.8,.446,0.3,1.1,.253,6.3,13.7,.462,.456,3.3,4.4,.754,1.7,3.5,5.2,1.5,0.8,0.9,1.8,3.2,16.8,2009
Alex Acker,SG,196,84,1,26,7,0,2.9,0.6,1.6,.364,0.0,0.6,.000,0.6,1.0,.571,.364,0.1,0.3,.500,0.0,0.3,0.3,0.1,0.3,0.1,0.0,0.0,1.3,2009
Arron Afflalo,SG,196,95,1,23,74,8,16.7,1.8,4.1,.437,0.6,1.4,.402,1.2,2.6,.456,.508,0.8,1.0,.817,0.4,1.4,1.8,0.6,0.4,0.2,0.6,1.9,4.9,2009
Chauncey Billups,PG,190,92,11,32,2,2,35.0,3.5,10.5,.333,1.0,3.5,.286,2.5,7.0,.357,.381,4.5,5.0,.900,0.5,4.5,5.0,7.5,1.5,0.5,2.0,1.5,12.5,2009
Kwame Brown,C,211,122,7,26,58,30,17.2,1.6,2.9,.533,0.0,0.0,,1.6,2.9,.533,.533,1.1,2.1,.516,1.6,3.4,5.0,0.6,0.4,0.4,0.9,2.4,4.2,2009
Will Bynum,PG,183,84,1,26,57,1,14.1,2.7,6.0,.456,0.1,0.3,.158,2.7,5.7,.474,.461,1.7,2.1,.798,0.3,1.0,1.3,2.8,0.6,0.0,1.3,1.5,7.2,2009
Richard Hamilton,SG,198,84,9,30,67,51,34.0,7.0,15.6,.447,1.0,2.8,.368,5.9,12.7,.464,.480,3.3,3.9,.848,0.7,2.4,3.1,4.4,0.6,0.1,2.0,2.6,18.3,2009
Walter Herrmann,SF,206,102,2,29,59,0,10.7,1.4,3.5,.396,0.7,2.0,.342,0.7,1.5,.471,.495,0.3,0.4,.760,0.5,1.3,1.8,0.4,0.1,0.1,0.3,0.7,3.8,2009
Allen Iverson,PG,183,75,12,33,54,50,36.5,6.1,14.7,.416,0.5,1.7,.286,5.6,13.0,.432,.432,4.7,6.0,.786,0.5,2.6,3.1,4.9,1.6,0.1,2.5,1.5,17.4,2009
Amir Johnson,PF,206,109,3,21,62,24,14.7,1.6,2.6,.595,0.0,0.0,,1.6,2.6,.595,.595,0.4,0.6,.657,1.6,2.1,3.7,0.3,0.3,1.0,0.5,2.8,3.5,2009
Jason Maxiell,C,201,118,3,25,78,4,18.1,2.4,4.1,.575,0.0,0.0,.000,2.4,4.1,.577,.575,1.1,2.0,.532,2.2,2.0,4.2,0.3,0.3,0.8,0.6,2.0,5.8,2009
Antonio McDyess,PF,206,100,12,34,62,30,30.1,4.3,8.5,.510,0.0,0.0,,4.3,8.5,.510,.510,1.0,1.4,.698,3.0,6.8,9.8,1.3,0.7,0.8,0.8,3.1,9.6,2009
Tayshaun Prince,SF,206,96,6,28,82,82,37.3,5.6,12.4,.450,0.7,1.7,.397,4.9,10.7,.458,.477,2.3,3.0,.778,1.6,4.2,5.8,3.1,0.5,0.6,1.2,1.3,14.2,2009
Walter Sharpe,PF,206,111,0,22,8,0,2.5,0.5,1.4,.364,0.0,0.3,.000,0.5,1.1,.444,.364,0.0,0.3,.000,0.0,0.4,0.4,0.0,0.0,0.3,0.0,0.4,1.0,2009
Rodney Stuckey,PG,196,95,1,22,79,65,31.9,5.1,11.6,.439,0.3,1.0,.295,4.8,10.6,.453,.452,2.9,3.7,.803,0.9,2.6,3.5,4.9,1.0,0.1,2.2,2.7,13.4,2009
Rasheed Wallace,C,208,102,13,34,66,63,32.2,4.6,10.9,.419,1.7,4.8,.354,2.9,6.1,.471,.498,1.2,1.5,.772,0.8,6.6,7.4,1.4,0.9,1.3,0.9,3.0,12.0,2009
Darrell Arthur,PF,206,107,0,20,76,64,19.3,2.5,5.7,.438,0.0,0.0,.000,2.5,5.7,.440,.438,0.5,0.8,.667,1.4,3.1,4.6,0.6,0.7,0.7,0.6,2.7,5.6,2009
Greg Buckner,SF,193,95,9,32,63,0,13.9,1.0,2.5,.384,0.2,0.8,.255,0.8,1.7,.444,.425,0.3,0.4,.800,0.5,1.6,2.1,0.9,0.5,0.1,0.6,1.7,2.5,2009
Mike Conley,PG,185,79,1,21,82,61,30.6,3.9,8.9,.442,1.1,2.6,.406,2.9,6.3,.458,.503,2.0,2.4,.817,0.3,3.1,3.4,4.3,1.1,0.1,1.7,1.8,10.9,2009
Javaris Crittenton,SG,196,91,1,21,7,0,6.3,1.0,2.1,.467,0.0,0.1,.000,1.0,2.0,.500,.467,0.7,1.6,.455,0.6,0.3,0.9,0.7,0.1,0.0,0.4,0.7,2.7,2009
Adonal Foyle,C,208,113,11,33,1,0,3.0,0.0,0.0,,0.0,0.0,,0.0,0.0,,,0.0,0.0,,0.0,0.0,0.0,0.0,0.0,0.0,0.0,1.0,0.0,2009
Marc Gasol,C,211,116,0,24,82,75,30.7,4.3,8.1,.530,0.0,0.0,.000,4.3,8.0,.530,.530,3.4,4.6,.733,2.5,4.9,7.4,1.7,0.8,1.1,2.0,3.2,11.9,2009
Rudy Gay,SF,203,113,2,22,79,78,37.3,7.2,16.0,.453,1.1,3.1,.351,6.2,12.9,.477,.487,3.3,4.4,.767,1.4,4.2,5.5,1.7,1.2,0.7,2.6,2.8,18.9,2009
Hamed Haddadi,C,218,115,0,23,19,0,6.3,0.8,1.6,.484,0.0,0.0,,0.8,1.6,.484,.484,0.9,1.6,.600,0.8,1.6,2.5,0.4,0.1,0.6,0.5,1.1,2.5,2009
Marko Jarić,SG,201,90,6,30,53,0,11.4,0.9,2.7,.331,0.2,0.5,.393,0.7,2.2,.316,.369,0.5,0.8,.707,0.4,0.8,1.2,1.4,0.5,0.2,0.9,1.2,2.6,2009
Kyle Lowry,PG,183,89,2,22,49,21,21.9,2.3,5.6,.412,0.3,1.4,.246,1.9,4.1,.468,.443,2.6,3.3,.801,0.3,2.0,2.3,3.6,1.0,0.2,1.6,1.8,7.6,2009
O.J. Mayo,SG,196,95,0,21,82,82,38.0,6.9,15.6,.438,1.8,4.6,.384,5.1,11.0,.461,.495,3.0,3.4,.879,0.7,3.1,3.8,3.2,1.1,0.2,2.8,2.5,18.5,2009
Darius Miles,SF,206,95,6,27,34,0,8.8,1.4,2.9,.485,0.0,0.2,.167,1.4,2.7,.505,.490,0.7,0.9,.742,0.6,1.1,1.7,0.5,0.3,0.6,0.6,0.9,3.5,2009
Darko Miličić,C,213,113,5,23,61,15,17.0,2.2,4.4,.515,0.0,0.0,,2.2,4.4,.515,.515,1.0,1.7,.562,1.4,3.0,4.3,0.6,0.4,0.8,0.8,2.2,5.5,2009
Quinton Ross,SF,198,88,4,27,68,7,17.1,1.5,3.8,.382,0.5,1.3,.375,1.0,2.5,.386,.446,0.5,0.6,.810,0.4,1.4,1.9,0.7,0.5,0.2,0.5,1.7,3.9,2009
Hakim Warrick,PF,206,99,3,26,82,7,24.7,4.1,8.5,.491,0.1,0.3,.217,4.1,8.2,.500,.494,3.2,4.6,.711,1.6,3.4,5.0,0.8,0.6,0.5,1.2,2.1,11.6,2009
Alexis Ajinça,PF,218,112,0,20,31,4,5.9,0.8,2.2,.362,0.0,0.1,.000,0.8,2.2,.373,.362,0.6,0.9,.714,0.3,0.7,1.0,0.1,0.2,0.2,0.4,1.1,2.3,2009
D.J. Augustin,PG,180,83,0,21,72,12,26.5,3.7,8.6,.430,1.5,3.4,.439,2.2,5.2,.424,.517,2.9,3.2,.893,0.2,1.6,1.8,3.5,0.6,0.0,1.7,1.9,11.8,2009
Raja Bell,SG,196,93,8,32,45,44,35.6,5.0,11.3,.440,1.6,3.9,.395,3.4,7.3,.464,.509,1.6,1.8,.877,0.7,3.2,4.0,2.5,0.8,0.1,1.5,2.4,13.0,2009
Andre Brown,PF,206,111,2,27,4,0,10.3,0.3,1.8,.143,0.0,0.0,,0.3,1.8,.143,.143,0.5,0.5,1.000,1.8,1.3,3.0,0.3,0.3,0.0,1.3,2.3,1.0,2009
Shannon Brown,SG,193,93,2,23,30,0,11.4,1.9,4.1,.455,0.3,0.9,.286,1.6,3.2,.505,.488,0.8,1.0,.800,0.3,0.5,0.8,0.9,0.6,0.2,1.0,1.1,4.8,2009
Matt Carroll,SG,198,96,5,28,34,10,14.0,1.6,4.1,.406,0.4,1.3,.267,1.3,2.7,.473,.449,0.4,0.6,.789,0.1,1.5,1.6,0.7,0.5,0.1,0.8,1.6,4.1,2009
Boris Diaw,PF,203,113,5,26,59,59,37.6,6.2,12.6,.495,1.2,2.8,.419,5.1,9.8,.517,.542,1.4,2.1,.686,1.6,4.3,5.9,4.9,0.8,0.7,3.0,2.8,15.1,2009
DeSagana Diop,C,213,136,7,27,41,1,14.2,1.3,2.8,.460,0.0,0.0,,1.3,2.8,.460,.460,0.2,0.9,.270,1.7,2.1,3.8,0.5,0.4,0.8,0.7,1.8,2.8,2009
Jared Dudley,SF,198,108,1,23,20,7,21.4,2.3,4.8,.469,0.2,0.4,.375,2.1,4.4,.477,.484,0.8,1.2,.625,1.3,1.7,3.0,1.0,0.9,0.1,0.5,2.0,5.4,2009
Raymond Felton,PG,185,93,3,24,82,81,37.6,5.4,13.2,.408,0.7,2.5,.285,4.7,10.7,.437,.435,2.7,3.3,.805,0.7,3.1,3.8,6.7,1.5,0.4,2.8,2.3,14.2,2009
Ryan Hollins,C,213,109,2,24,18,1,10.2,1.1,1.9,.543,0.0,0.0,,1.1,1.9,.543,.543,1.4,2.2,.667,1.1,0.9,2.0,0.2,0.2,0.9,0.6,1.9,3.6,2009
Juwan Howard,SF,206,109,14,35,39,2,11.5,1.9,3.7,.510,0.0,0.0,,1.9,3.7,.510,.510,0.6,0.9,.676,0.7,1.1,1.8,0.6,0.2,0.1,0.7,1.7,4.4,2009
Dontell Jefferson,SG,196,88,0,25,6,0,14.0,1.8,3.7,.500,0.2,0.3,.500,1.7,3.3,.500,.523,1.0,1.5,.667,0.2,1.8,2.0,1.5,0.7,0.2,1.0,1.5,4.8,2009
Linton Johnson,PF,203,93,5,28,2,0,6.5,0.0,0.0,,0.0,0.0,,0.0,0.0,,,0.0,0.0,,0.0,0.0,0.0,0.0,0.0,0.0,0.0,0.5,0.0,2009
Dwayne Jones,PF,211,113,3,25,6,0,8.7,0.7,1.2,.571,0.0,0.0,,0.7,1.2,.571,.571,0.7,1.0,.667,1.0,1.0,2.0,0.0,0.0,0.2,0.7,1.0,2.0,2009
Cartier Martin,SF,201,100,0,24,33,1,8.1,0.8,2.3,.364,0.3,1.0,.303,0.5,1.3,.409,.429,0.6,0.8,.800,0.2,0.8,1.0,0.4,0.2,0.1,0.3,1.0,2.6,2009
Sean May,PF,206,121,2,24,24,12,12.5,1.6,4.1,.398,0.0,0.0,1.000,1.6,4.0,.392,.403,0.6,0.8,.700,0.8,2.0,2.9,0.4,0.2,0.2,1.1,1.3,3.9,2009
Nazr Mohammed,C,208,100,10,31,39,1,8.7,1.1,2.6,.406,0.0,0.0,,1.1,2.6,.406,.406,0.6,1.0,.550,0.9,1.1,2.0,0.2,0.1,0.4,0.6,1.6,2.7,2009
Adam Morrison,SF,203,93,1,24,44,5,15.2,1.7,4.8,.360,0.7,2.1,.337,1.0,2.7,.378,.434,0.4,0.5,.762,0.4,1.3,1.6,0.9,0.2,0.1,0.7,1.7,4.5,2009
Emeka Okafor,C,208,114,4,26,82,81,32.8,5.3,9.4,.561,0.0,0.0,,5.3,9.4,.561,.561,2.7,4.5,.593,3.4,6.7,10.1,0.6,0.6,1.7,1.8,3.0,13.2,2009
Vladimir Radmanović,SF,208,103,7,28,32,3,21.1,3.2,7.9,.401,1.4,3.9,.357,1.8,3.9,.444,.490,0.6,1.0,.645,0.8,2.4,3.3,1.3,0.6,0.3,1.6,1.9,8.3,2009
Jason Richardson,SG,198,100,7,28,14,14,35.1,6.9,15.7,.441,1.9,4.2,.458,5.0,11.5,.435,.502,2.9,3.9,.745,0.9,3.2,4.1,2.6,1.0,0.2,1.7,3.1,18.7,2009
Sean Singletary,PG,183,84,0,23,24,1,7.5,0.8,2.0,.396,0.3,0.6,.400,0.5,1.4,.394,.458,0.5,0.6,.800,0.2,0.6,0.8,0.7,0.2,0.0,0.8,1.3,2.3,2009
Gerald Wallace,SF,201,98,7,26,71,71,37.6,5.5,11.4,.480,0.5,1.8,.298,4.9,9.6,.515,.504,5.1,6.4,.804,1.6,6.2,7.8,2.7,1.7,0.9,2.1,3.0,16.6,2009
